created_at,entry_id,field1,field2
2021-03-23T18:01:14-05:00,1,17.5,76.2
2021-03-23T18:01:32-05:00,2,17.5,76
2021-03-23T18:01:50-05:00,3,17.4,76.1
2021-03-23T18:02:07-05:00,4,17.4,75.6
2021-03-24T12:01:29-05:00,5,32.3,36.1
2021-03-24T18:01:29-05:00,6,19.4,59.6
2021-03-25T00:01:29-05:00,7,13.8,82.2
2021-03-25T12:01:29-05:00,8,33,30
2021-03-25T18:01:29-05:00,9,23,45.3
2021-03-26T00:01:30-05:00,10,14.4,77.1
2021-03-26T06:10:29-05:00,11,14.3,82.6
2021-03-26T12:01:29-05:00,12,28.6,40.1
2021-03-26T18:01:29-05:00,13,23,45.2
2021-03-27T00:01:29-05:00,14,16.5,77.8
2021-03-27T06:10:29-05:00,15,15,85.9
2021-03-27T12:01:29-05:00,16,30.5,35.9
2021-03-27T20:01:29-05:00,17,18.7,60.7
2021-03-27T21:01:29-05:00,18,18.3,63.2
2021-03-27T22:01:29-05:00,19,17.7,66.6
2021-03-27T23:01:29-05:00,20,17.2,68.8
2021-03-28T00:01:29-05:00,21,16.9,70
2021-03-28T01:01:29-05:00,22,16.1,71.4
2021-03-28T02:01:28-05:00,23,16.2,72.9
2021-03-28T03:01:29-05:00,24,16,72.3
2021-03-28T04:01:29-05:00,25,15.7,76.9
2021-03-28T05:01:28-05:00,26,15.5,78.9
2021-03-28T06:10:29-05:00,27,15.4,79.2
2021-03-28T07:01:29-05:00,28,15.8,80.8
2021-03-28T08:01:29-05:00,29,17.9,73.3
2021-03-28T09:01:29-05:00,30,20.1,65
2021-03-28T10:01:29-05:00,31,23.8,52.5
2021-03-28T11:01:29-05:00,32,25.4,46.9
2021-03-28T12:01:29-05:00,33,27,43.4
2021-03-28T13:01:29-05:00,34,27.5,42
2021-03-28T14:01:28-05:00,35,26.5,44.2
2021-03-28T15:01:29-05:00,36,25.6,43.2
2021-03-28T16:01:29-05:00,37,27.5,40.5
2021-03-28T17:01:29-05:00,38,22.8,50.4
2021-03-28T18:01:29-05:00,39,19.9,57.8
2021-03-28T19:01:29-05:00,40,18.1,65.6
2021-03-28T20:01:29-05:00,41,17.5,67
2021-03-28T21:01:29-05:00,42,16.9,69.5
2021-03-28T22:01:29-05:00,43,16.6,70.4
2021-03-28T23:01:29-05:00,44,16.5,70.8
2021-03-29T00:01:29-05:00,45,16.3,74
2021-03-29T01:01:29-05:00,46,15.7,76.6
2021-03-29T02:01:28-05:00,47,15.5,76
2021-03-29T03:01:29-05:00,48,15.2,77.2
2021-03-29T04:01:29-05:00,49,15,76.3
2021-03-29T05:01:29-05:00,50,15,75.5
2021-03-29T06:10:29-05:00,51,15.2,75.9
2021-03-29T07:01:28-05:00,52,15.6,75.5
2021-03-29T08:01:29-05:00,53,17.1,71.6
2021-03-29T09:01:28-05:00,54,18.8,66.4
2021-03-29T10:01:29-05:00,55,22.9,57.9
2021-03-29T11:01:29-05:00,56,26.4,48.6
2021-03-29T12:01:28-05:00,57,24.9,50.3
2021-03-29T13:01:28-05:00,58,24.1,48.7
2021-03-29T14:01:28-05:00,59,21.7,54.5
2021-03-29T15:01:29-05:00,60,22.4,55.8
2021-03-29T16:01:29-05:00,61,24.8,47.2
2021-03-29T17:01:29-05:00,62,23.7,47.9
2021-03-29T18:01:29-05:00,63,19.2,55.9
2021-03-29T19:01:28-05:00,64,17.3,61.4
2021-03-29T20:01:29-05:00,65,16.7,65.5
2021-03-29T21:01:29-05:00,66,16.2,68.6
2021-03-29T22:01:29-05:00,67,16.1,72.1
2021-03-29T23:01:29-05:00,68,15.8,75.1
2021-03-30T00:01:29-05:00,69,15.6,79.3
2021-03-30T01:01:28-05:00,70,15.3,81.6
2021-03-30T02:01:29-05:00,71,15,80.7
2021-03-30T03:01:28-05:00,72,14.9,80
2021-03-30T04:01:29-05:00,73,14.8,79.5
2021-03-30T05:01:29-05:00,74,14.7,78.8
2021-03-30T06:10:29-05:00,75,14.6,79.6
2021-03-30T07:01:29-05:00,76,14.9,79.4
2021-03-30T08:01:28-05:00,77,17.4,72.1
2021-03-30T09:01:36-05:00,78,19,67
2021-03-30T10:01:29-05:00,79,21,57.6
2021-03-30T11:01:28-05:00,80,25.5,50.7
2021-03-30T12:01:29-05:00,81,30.1,37.7
2021-03-30T13:01:29-05:00,82,25.9,41.8
2021-03-30T14:01:29-05:00,83,23.1,46.3
2021-03-30T15:01:29-05:00,84,22.5,46.2
2021-03-30T16:01:29-05:00,85,20.8,50.8
2021-03-30T17:01:29-05:00,86,21,50.2
2021-03-30T18:01:29-05:00,87,19.3,54.4
2021-03-30T19:01:28-05:00,88,16.5,61.7
2021-03-30T20:01:29-05:00,89,14.9,65.3
2021-03-30T21:01:29-05:00,90,13.6,70.5
2021-03-30T22:01:28-05:00,91,12.9,73.5
2021-03-30T23:01:29-05:00,92,13.7,74.4
2021-03-31T00:01:29-05:00,93,14.1,73
2021-03-31T01:01:29-05:00,94,14.5,73.4
2021-03-31T03:01:28-05:00,95,14.5,74.4
2021-03-31T04:01:28-05:00,96,14.3,76.2
2021-03-31T05:01:29-05:00,97,14,80.9
2021-03-31T06:10:28-05:00,98,13.9,81.4
2021-03-31T08:01:28-05:00,99,17.8,69.6
2021-03-31T09:01:29-05:00,100,22,57.4
2021-03-31T10:01:29-05:00,101,24.6,50.8
2021-03-31T11:01:29-05:00,102,27.1,43.8
2021-03-31T12:01:29-05:00,103,27.3,40.6
2021-03-31T13:01:28-05:00,104,27,41.4
2021-03-31T14:01:28-05:00,105,27.6,40.4
2021-03-31T15:01:28-05:00,106,23.3,53.3
2021-03-31T16:01:28-05:00,107,22.4,53.3
2021-03-31T17:01:29-05:00,108,20.9,57.1
2021-03-31T18:01:29-05:00,109,19.7,57.8
2021-03-31T19:01:29-05:00,110,17.8,64.7
2021-03-31T20:01:29-05:00,111,17.1,68.1
2021-03-31T21:01:29-05:00,112,16.7,68.3
2021-03-31T22:01:29-05:00,113,16.4,69
2021-03-31T23:01:28-05:00,114,15.9,69.3
2021-04-01T00:01:29-05:00,115,15.6,74
2021-04-01T01:01:29-05:00,116,15.3,76.5
2021-04-01T02:01:28-05:00,117,15,77.1
2021-04-01T03:01:29-05:00,118,14.7,79.7
2021-04-01T04:01:29-05:00,119,14.1,81.8
2021-04-01T05:01:28-05:00,120,13.4,87
2021-04-01T06:10:29-05:00,121,13.2,87.8
2021-04-01T07:01:28-05:00,122,14,87.9
2021-04-01T08:01:29-05:00,123,18,72.5
2021-04-01T09:01:29-05:00,124,22.2,57
2021-04-01T10:01:29-05:00,125,26.9,45.4
2021-04-01T11:01:29-05:00,126,28,40
2021-04-01T12:01:29-05:00,127,25.1,45.5
2021-04-01T13:01:29-05:00,128,26,44.7
2021-04-01T14:01:28-05:00,129,26.9,41.5
2021-04-01T15:01:28-05:00,130,30.5,36.8
2021-04-01T16:01:29-05:00,131,30.3,34.5
2021-04-01T18:01:29-05:00,132,21.9,50.9
2021-04-01T21:01:28-05:00,133,18.1,64.9
2021-04-01T22:01:29-05:00,134,17.6,66.1
2021-04-01T23:01:28-05:00,135,16.9,69.2
2021-04-02T01:01:28-05:00,136,16.6,70.1
2021-04-02T03:01:29-05:00,137,15.4,90.2
2021-04-02T04:01:29-05:00,138,14.9,91.8
2021-04-02T05:01:28-05:00,139,14.8,92.4
2021-04-02T06:10:29-05:00,140,14.6,93.1
2021-04-02T07:01:28-05:00,141,15,91.4
2021-04-02T08:01:29-05:00,142,18,84.4
2021-04-02T09:01:29-05:00,143,25.8,56.5
2021-04-02T10:01:29-05:00,144,26.9,49.7
2021-04-02T11:01:29-05:00,145,26.6,44.6
2021-04-02T12:01:28-05:00,146,26.9,42.5
2021-04-02T14:01:28-05:00,147,30,35.3
2021-04-02T16:01:28-05:00,148,27,38.9
2021-04-02T17:01:29-05:00,149,22.8,47.7
2021-04-02T19:01:28-05:00,150,19.1,58.2
2021-04-02T20:01:28-05:00,151,18.4,61
2021-04-02T21:01:29-05:00,152,17.6,65.8
2021-04-02T22:01:28-05:00,153,17,70.5
2021-04-02T23:01:28-05:00,154,16.9,82.1
2021-04-03T01:01:28-05:00,155,16.5,88.2
2021-04-03T04:01:28-05:00,156,15.7,90
2021-04-03T05:01:29-05:00,157,15.5,90.5
2021-04-03T06:10:29-05:00,158,15.4,90.3
2021-04-03T07:01:28-05:00,159,15.8,90.3
2021-04-03T08:01:29-05:00,160,17,87.9
2021-04-03T09:01:28-05:00,161,19.2,80.7
2021-04-03T10:01:28-05:00,162,21.6,69.7
2021-04-03T11:01:28-05:00,163,23.7,58.5
2021-04-03T12:01:29-05:00,164,21.4,58.8
2021-04-03T13:01:29-05:00,165,21.5,62.5
2021-04-03T14:01:28-05:00,166,21.6,62.4
2021-04-03T15:01:28-05:00,167,22.9,57
2021-04-03T16:01:29-05:00,168,22,56.6
2021-04-03T17:01:29-05:00,169,23,53.6
2021-04-03T18:01:28-05:00,170,19,61.2
2021-04-03T19:01:28-05:00,171,17.1,66.9
2021-04-03T20:01:28-05:00,172,15.8,71.3
2021-04-03T21:01:28-05:00,173,14.8,76.9
2021-04-03T22:01:28-05:00,174,14.1,80.4
2021-04-03T23:01:28-05:00,175,13.1,83
2021-04-04T02:01:29-05:00,176,13,88.9
2021-04-04T03:01:28-05:00,177,13.3,87.8
2021-04-04T04:01:29-05:00,178,13.6,87.1
2021-04-04T05:01:28-05:00,179,13.8,88.3
2021-04-04T06:10:29-05:00,180,13.6,88.4
2021-04-04T08:01:28-05:00,181,20.2,70.2
2021-04-04T09:01:28-05:00,182,20.3,65.1
2021-04-04T10:01:28-05:00,183,21.1,63.5
2021-04-04T11:01:28-05:00,184,20.9,65.1
2021-04-04T12:01:29-05:00,185,18.6,76.4
2021-04-04T13:01:28-05:00,186,17.5,87.5
2021-04-04T16:01:28-05:00,187,18,84.8
2021-04-04T18:01:29-05:00,188,16.2,88.3
2021-04-04T19:01:28-05:00,189,14.5,91.3
2021-04-04T20:01:29-05:00,190,13.5,93
2021-04-04T21:01:28-05:00,191,13.8,93.3
2021-04-04T22:01:28-05:00,192,13.8,93.5
2021-04-04T23:01:28-05:00,193,13.5,93.6
2021-04-05T00:01:28-05:00,194,13,93.2
2021-04-05T01:01:29-05:00,195,12.8,93.6
2021-04-05T02:01:28-05:00,196,12.7,93.7
2021-04-05T04:01:29-05:00,197,12.9,94
2021-04-05T05:01:28-05:00,198,12.9,94.6
2021-04-05T06:10:28-05:00,199,12.8,94.3
2021-04-05T08:01:29-05:00,200,14.2,93.5
2021-04-05T09:01:28-05:00,201,17,90.2
2021-04-05T10:01:28-05:00,202,19.1,82.5
2021-04-05T11:01:28-05:00,203,26.5,58.7
2021-04-05T12:01:28-05:00,204,25.8,57
2021-04-05T15:01:28-05:00,205,27.6,42
2021-04-05T17:01:28-05:00,206,22.7,49.7
2021-04-05T19:01:28-05:00,207,17.7,64.1
2021-04-05T21:01:28-05:00,208,14.7,74.3
2021-04-05T22:01:28-05:00,209,13.6,78.6
2021-04-05T23:01:28-05:00,210,14.2,79.1
2021-04-06T07:01:29-05:00,211,13.5,88.8
2021-04-06T08:01:29-05:00,212,15.2,85.8
2021-04-06T09:01:28-05:00,213,17.3,73.4
2021-04-06T11:01:28-05:00,214,27.1,42.6
2021-04-06T12:01:28-05:00,215,28.5,37.7
2021-04-06T13:01:29-05:00,216,26.9,40.1
2021-04-06T14:01:29-05:00,217,27,41
2021-04-06T15:01:28-05:00,218,24.8,44.7
2021-04-06T16:01:28-05:00,219,24.9,45.2
2021-04-06T17:01:28-05:00,220,23.2,47.2
2021-04-06T18:01:28-05:00,221,19.8,54.3
2021-04-06T19:01:28-05:00,222,17.4,60.9
2021-04-06T20:01:28-05:00,223,16.6,65.7
2021-04-06T21:01:27-05:00,224,15.2,71.6
2021-04-06T22:01:28-05:00,225,14.3,74.9
2021-04-06T23:01:28-05:00,226,13.6,78.9
2021-04-07T00:01:27-05:00,227,14.1,79.8
2021-04-07T01:01:28-05:00,228,14.5,78.1
2021-04-07T02:01:28-05:00,229,14.3,77.8
2021-04-07T04:01:28-05:00,230,12.8,83.9
2021-04-07T05:01:28-05:00,231,13.5,81
2021-04-07T06:10:28-05:00,232,13.6,85.3
2021-04-07T08:01:28-05:00,233,16.4,76.8
2021-04-07T09:01:28-05:00,234,23.6,55.4
2021-04-07T10:01:28-05:00,235,21.6,55.3
2021-04-07T11:01:28-05:00,236,24.1,50.3
2021-04-07T12:01:28-05:00,237,26.5,42.7
2021-04-07T13:01:28-05:00,238,25.3,56.4
2021-04-07T14:01:28-05:00,239,25.2,50.8
2021-04-07T15:01:28-05:00,240,22.1,60.3
2021-04-07T16:01:29-05:00,241,20.5,69.6
2021-04-07T17:01:28-05:00,242,19.7,67.9
2021-04-07T18:01:28-05:00,243,17.9,72.8
2021-04-07T19:01:28-05:00,244,16.8,79.6
2021-04-07T20:01:28-05:00,245,16.5,78.8
2021-04-07T21:01:28-05:00,246,16.2,79.1
2021-04-07T22:01:28-05:00,247,15.8,80.1
2021-04-07T23:01:28-05:00,248,15.2,82.1
2021-04-08T00:01:27-05:00,249,15.2,85
2021-04-08T02:01:28-05:00,250,14.5,90.2
2021-04-08T03:01:29-05:00,251,14.3,90.8
2021-04-08T04:01:28-05:00,252,14.2,91.7
2021-04-08T05:01:28-05:00,253,14,91.5
2021-04-08T06:10:28-05:00,254,13.8,92.1
2021-04-08T07:01:28-05:00,255,14.3,91.1
2021-04-08T09:01:28-05:00,256,21.1,69.3
2021-04-08T10:01:28-05:00,257,25.3,51.7
2021-04-08T11:01:28-05:00,258,27,46.4
2021-04-08T12:01:28-05:00,259,26.7,42.5
2021-04-08T13:01:28-05:00,260,27.6,40
2021-04-08T14:01:28-05:00,261,27.8,38.1
2021-04-08T16:01:28-05:00,262,22.1,49.1
2021-04-08T20:01:28-05:00,263,16.4,60.9
2021-04-08T21:01:28-05:00,264,15.3,64.1
2021-04-08T23:01:28-05:00,265,13.6,70.4
2021-04-09T00:01:27-05:00,266,13.1,72.7
2021-04-09T01:01:28-05:00,267,13.2,74.1
2021-04-09T02:01:27-05:00,268,13.1,74.1
2021-04-09T03:01:30-05:00,269,12.2,76.8
2021-04-09T04:01:36-05:00,270,11.5,78.3
2021-04-09T05:01:27-05:00,271,11,79.2
2021-04-09T06:10:28-05:00,272,10.9,82.5
2021-04-09T07:01:28-05:00,273,11.8,79.2
2021-04-09T08:01:28-05:00,274,17.1,66
2021-04-09T10:01:28-05:00,275,27,39.4
2021-04-09T11:01:28-05:00,276,27.2,39.3
2021-04-09T12:01:28-05:00,277,22.6,45.5
2021-04-09T13:01:28-05:00,278,24.1,44.9
2021-04-09T14:01:28-05:00,279,24.9,42.1
2021-04-09T15:01:28-05:00,280,23.5,47.3
2021-04-09T16:01:28-05:00,281,19.1,72.5
2021-04-09T17:01:27-05:00,282,19.6,72.8
2021-04-09T18:01:33-05:00,283,18,73.8
2021-04-09T20:01:28-05:00,284,15.1,80.2
2021-04-09T21:01:27-05:00,285,15.3,82.3
2021-04-09T22:01:28-05:00,286,15.2,81.8
2021-04-09T23:01:28-05:00,287,15.1,82.5
2021-04-10T00:01:28-05:00,288,14.1,82.9
2021-04-10T01:01:28-05:00,289,13.1,84
2021-04-10T02:01:28-05:00,290,12.7,83.1
2021-04-10T03:01:27-05:00,291,12,83.8
2021-04-10T04:01:28-05:00,292,11.7,84.1
2021-04-10T05:01:27-05:00,293,12,85.5
2021-04-10T06:10:28-05:00,294,12,86.4
2021-04-10T07:01:28-05:00,295,12.7,85
2021-04-10T08:01:35-05:00,296,18.6,71.1
2021-04-10T10:01:28-05:00,297,26.8,41.5
2021-04-10T11:01:28-05:00,298,26.4,41.6
2021-04-10T12:01:28-05:00,299,26.6,40.2
2021-04-10T13:01:28-05:00,300,24.7,41.8
2021-04-10T14:01:28-05:00,301,25.5,40.9
2021-04-10T15:01:27-05:00,302,26.5,39.3
2021-04-10T16:01:27-05:00,303,25.3,41.3
2021-04-10T17:01:27-05:00,304,24.1,43.7
2021-04-10T18:01:28-05:00,305,20.6,51.3
2021-04-10T19:01:27-05:00,306,18.7,55.2
2021-04-10T20:01:27-05:00,307,17.5,59.6
2021-04-10T21:01:28-05:00,308,16.6,62.6
2021-04-10T23:01:27-05:00,309,16.2,68.7
2021-04-11T00:01:28-05:00,310,16.2,72
2021-04-11T01:01:27-05:00,311,15.4,74.2
2021-04-11T02:01:28-05:00,312,14.6,76.8
2021-04-11T03:01:27-05:00,313,14.4,77.5
2021-04-11T04:01:27-05:00,314,14.8,78.4
2021-04-11T05:01:28-05:00,315,14.8,73.3
2021-04-11T06:10:27-05:00,316,14.7,70.5
2021-04-11T07:01:31-05:00,317,14.8,68.6
2021-04-11T08:01:27-05:00,318,16.5,67.9
2021-04-11T09:01:27-05:00,319,18.3,64.5
2021-04-11T10:01:28-05:00,320,19.6,60.4
2021-04-11T11:01:27-05:00,321,23.6,53
2021-04-11T12:01:28-05:00,322,27,43.3
2021-04-11T14:01:27-05:00,323,24.9,49.1
2021-04-11T15:01:27-05:00,324,28.1,38.4
2021-04-11T16:01:28-05:00,325,26.7,37.3
2021-04-11T17:01:28-05:00,326,25,41.3
2021-04-11T18:01:28-05:00,327,21.1,52.9
2021-04-11T19:01:27-05:00,328,18.7,52
2021-04-11T20:01:27-05:00,329,17.3,55.4
2021-04-11T21:01:28-05:00,330,15.9,62.4
2021-04-11T23:01:28-05:00,331,14.1,67
2021-04-12T00:01:27-05:00,332,13.5,69.2
2021-04-12T01:01:28-05:00,333,12.8,71.4
2021-04-12T02:01:27-05:00,334,12.2,73.6
2021-04-12T03:01:28-05:00,335,11.8,75.1
2021-04-12T04:01:27-05:00,336,12.1,76.1
2021-04-12T06:10:27-05:00,337,12.7,73.9
2021-04-12T07:01:28-05:00,338,13.2,75.4
2021-04-12T08:01:28-05:00,339,15.1,72.5
2021-04-12T09:01:27-05:00,340,17,65.8
2021-04-12T10:01:28-05:00,341,17.2,66.8
2021-04-12T11:01:27-05:00,342,18.5,67.1
2021-04-12T12:01:28-05:00,343,20.8,58.9
2021-04-12T13:01:27-05:00,344,20.7,58.1
2021-04-12T14:01:27-05:00,345,19.9,67.2
2021-04-12T15:01:28-05:00,346,24.6,50.8
2021-04-12T16:01:28-05:00,347,22.5,53.5
2021-04-12T17:01:27-05:00,348,21.3,50.7
2021-04-12T18:01:27-05:00,349,17.9,61.6
2021-04-12T19:01:28-05:00,350,16.9,63.7
2021-04-12T20:01:27-05:00,351,16.2,65.8
2021-04-12T21:01:28-05:00,352,15.7,68.3
2021-04-12T22:01:28-05:00,353,15.7,69.3
2021-04-12T23:01:28-05:00,354,15.2,74.4
2021-04-13T00:01:28-05:00,355,14.9,81
2021-04-13T01:01:27-05:00,356,14.6,81.7
2021-04-13T02:01:28-05:00,357,14.3,82.5
2021-04-13T03:01:27-05:00,358,14.2,84.2
2021-04-13T04:01:28-05:00,359,13.9,85.9
2021-04-13T05:01:27-05:00,360,14,85.2
2021-04-13T06:10:28-05:00,361,14,84.1
2021-04-13T07:01:27-05:00,362,14.3,84.5
2021-04-13T08:01:28-05:00,363,15.6,79.3
2021-04-13T09:01:27-05:00,364,24,56
2021-04-13T10:01:27-05:00,365,27,43.8
2021-04-13T11:01:27-05:00,366,27.6,39.6
2021-04-13T12:01:27-05:00,367,27.1,39
2021-04-13T13:01:28-05:00,368,27.8,37.5
2021-04-13T14:01:27-05:00,369,26.9,39.2
2021-04-13T15:01:27-05:00,370,27,39.2
2021-04-13T16:01:27-05:00,371,25.7,41.6
2021-04-13T17:01:28-05:00,372,25.6,41.9
2021-04-13T18:01:28-05:00,373,21.3,50.8
2021-04-13T19:01:27-05:00,374,18.8,57.1
2021-04-13T20:01:27-05:00,375,17.8,60.6
2021-04-13T21:01:28-05:00,376,17.2,64.4
2021-04-13T22:01:28-05:00,377,17.1,65.6
2021-04-13T23:01:27-05:00,378,17.5,65.1
2021-04-14T00:01:28-05:00,379,17.1,67.2
2021-04-14T01:01:27-05:00,380,17,66.8
2021-04-14T02:01:28-05:00,381,16.5,71.6
2021-04-14T03:01:27-05:00,382,16.1,76.4
2021-04-14T04:01:28-05:00,383,16,75.5
2021-04-14T05:01:27-05:00,384,16,76.2
2021-04-14T06:10:27-05:00,385,16,73.3
2021-04-14T07:01:27-05:00,386,16.8,70.5
2021-04-14T08:01:27-05:00,387,19.3,61
2021-04-14T09:01:27-05:00,388,23.6,51.3
2021-04-14T10:01:28-05:00,389,24.6,46.6
2021-04-14T11:01:28-05:00,390,26.5,40.9
2021-04-14T12:01:27-05:00,391,27,38.2
2021-04-14T13:01:30-05:00,392,28.7,35.2
2021-04-14T14:01:28-05:00,393,27.4,37
2021-04-14T15:01:28-05:00,394,26.1,38.6
2021-04-14T16:01:27-05:00,395,25,41.2
2021-04-14T17:01:27-05:00,396,23.2,45
2021-04-14T18:01:27-05:00,397,20.7,51.6
2021-04-14T19:01:27-05:00,398,19.4,57.4
2021-04-14T21:01:27-05:00,399,17.8,62.9
2021-04-14T22:01:27-05:00,400,17.2,68.5
2021-04-14T23:01:27-05:00,401,17.1,74.2
2021-04-15T00:01:29-05:00,402,16.5,82
2021-04-15T01:01:27-05:00,403,16,83.2
2021-04-15T02:01:29-05:00,404,16.1,83.7
2021-04-15T03:01:27-05:00,405,15.7,86.1
2021-04-15T04:01:28-05:00,406,15.4,90
2021-04-15T05:01:27-05:00,407,15.3,89.8
2021-04-15T06:10:27-05:00,408,15.3,90.6
2021-04-15T07:01:27-05:00,409,15.7,90.5
2021-04-15T08:01:28-05:00,410,17.4,89.3
2021-04-15T09:01:28-05:00,411,22.8,66.5
2021-04-15T10:01:28-05:00,412,25.8,58.2
2021-04-15T11:01:29-05:00,413,27,47.5
2021-04-15T12:01:29-05:00,414,27,43.9
2021-04-15T13:01:29-05:00,415,26.9,45.1
2021-04-15T14:01:29-05:00,416,23.6,59.7
2021-04-15T15:01:27-05:00,417,24.7,54.5
2021-04-15T16:01:27-05:00,418,21.8,57.3
2021-04-15T17:01:27-05:00,419,19.4,63.8
2021-04-15T18:01:27-05:00,420,17.7,63.2
2021-04-15T19:01:27-05:00,421,16.6,66.1
2021-04-15T20:01:27-05:00,422,15.8,69.2
2021-04-15T22:01:27-05:00,423,14.8,73.7
2021-04-15T23:01:27-05:00,424,14.1,75.3
2021-04-16T01:01:28-05:00,425,14.5,76.3
2021-04-16T02:01:27-05:00,426,14.4,77.3
2021-04-16T03:01:27-05:00,427,14.1,79.7
2021-04-16T04:01:27-05:00,428,14,79.4
2021-04-16T05:01:28-05:00,429,13.9,80.4
2021-04-16T06:10:27-05:00,430,12.6,82.3
2021-04-16T07:01:27-05:00,431,13.2,81.8
2021-04-16T08:01:27-05:00,432,20.3,62.4
2021-04-16T09:01:27-05:00,433,21.4,58.1
2021-04-16T10:01:27-05:00,434,22.9,54.3
2021-04-16T11:01:27-05:00,435,26.8,45.7
2021-04-16T12:01:27-05:00,436,25.6,47.7
2021-04-16T13:01:27-05:00,437,25.9,45.7
2021-04-16T15:01:27-05:00,438,25.8,42.1
2021-04-16T16:01:27-05:00,439,23.6,47.2
2021-04-16T17:01:27-05:00,440,22,50.7
2021-04-16T19:01:27-05:00,441,18,59.9
2021-04-16T20:01:27-05:00,442,16.7,62.7
2021-04-16T21:01:27-05:00,443,15.7,69.4
2021-04-16T22:01:28-05:00,444,15,72.3
2021-04-16T23:01:27-05:00,445,15.2,74.4
2021-04-17T00:01:28-05:00,446,16.2,70.8
2021-04-17T01:01:27-05:00,447,16,71.3
2021-04-17T02:01:27-05:00,448,14.6,72.5
2021-04-17T03:01:28-05:00,449,13.9,74.3
2021-04-17T04:01:27-05:00,450,14.2,76.6
2021-04-17T05:01:27-05:00,451,13.8,78.1
2021-04-17T06:10:26-05:00,452,13.6,78.2
2021-04-17T07:01:27-05:00,453,13.9,79.5
2021-04-17T09:01:27-05:00,454,20,61.6
2021-04-17T10:01:28-05:00,455,22.8,55.1
2021-04-17T11:01:28-05:00,456,25.2,49.2
2021-04-17T12:01:28-05:00,457,24,48.3
2021-04-17T13:01:28-05:00,458,21.7,60.5
2021-04-17T15:01:28-05:00,459,22.5,67.9
2021-04-17T16:01:27-05:00,460,20.9,67.7
2021-04-17T17:01:27-05:00,461,19.2,67.5
2021-04-17T18:01:27-05:00,462,17.3,73.2
2021-04-17T19:01:26-05:00,463,15.3,77.2
2021-04-17T20:01:27-05:00,464,14.3,80.1
2021-04-17T21:01:27-05:00,465,13.2,81.9
2021-04-17T22:01:27-05:00,466,12.8,83
2021-04-17T23:01:27-05:00,467,12.8,83.9
2021-04-18T00:01:28-05:00,468,12.5,84.2
2021-04-18T01:01:27-05:00,469,11.8,85.6
2021-04-18T02:01:27-05:00,470,11.1,85.8
2021-04-18T03:01:26-05:00,471,10.4,86.1
2021-04-18T05:01:27-05:00,472,9.5,86
2021-04-18T08:01:26-05:00,473,14.3,79.9
2021-04-18T09:01:27-05:00,474,15.9,72.6
2021-04-18T10:01:27-05:00,475,19.8,62.2
2021-04-18T11:01:27-05:00,476,25.7,44
2021-04-18T12:01:27-05:00,477,28.2,39
2021-04-18T13:01:27-05:00,478,28.2,37.4
2021-04-18T14:01:26-05:00,479,26.8,41.7
2021-04-18T15:01:26-05:00,480,26.5,38.8
2021-04-18T16:01:27-05:00,481,24.6,42.2
2021-04-18T17:01:27-05:00,482,24.8,42.9
2021-04-18T23:01:27-05:00,483,18.1,64.3
2021-04-19T04:01:28-05:00,484,16,84.7
2021-04-19T09:01:26-05:00,485,18.7,87.4
2021-04-19T10:01:26-05:00,486,18.7,83
2021-04-19T11:01:27-05:00,487,19.4,80.2
2021-04-19T12:01:26-05:00,488,17.6,80.4
2021-04-19T15:01:27-05:00,489,21.9,67.5
2021-04-19T16:01:27-05:00,490,20.2,72.5
2021-04-19T17:01:27-05:00,491,18.2,77.1
2021-04-19T18:01:27-05:00,492,17.2,80.3
2021-04-19T19:01:26-05:00,493,15.5,85.1
2021-04-19T20:01:27-05:00,494,14.3,88
2021-04-19T21:01:27-05:00,495,13.6,89.3
2021-04-19T22:01:27-05:00,496,13.8,89.9
2021-04-19T23:01:27-05:00,497,14.1,90.5
2021-04-20T00:01:26-05:00,498,14.1,90.5
2021-04-20T01:01:27-05:00,499,14.3,90.8
2021-04-20T04:01:26-05:00,500,13.4,91
2021-04-20T05:01:27-05:00,501,13.2,90.1
2021-04-20T08:01:27-05:00,502,22.5,61.3
2021-04-20T09:01:27-05:00,503,26.2,50.2
2021-04-20T10:01:26-05:00,504,26.9,43.8
2021-04-20T11:01:27-05:00,505,27.1,41.7
2021-04-20T12:01:27-05:00,506,28.6,38.5
2021-04-20T13:01:27-05:00,507,27.3,41.9
2021-04-20T14:01:27-05:00,508,29,37.3
2021-04-20T15:01:27-05:00,509,28.1,38.3
2021-04-20T16:01:27-05:00,510,24.9,43.4
2021-04-20T17:01:27-05:00,511,22.3,50.1
2021-04-20T18:01:27-05:00,512,21.4,53
2021-04-20T19:01:26-05:00,513,19.6,57.2
2021-04-20T20:01:27-05:00,514,18.3,63.5
2021-04-20T21:01:27-05:00,515,17.8,68
2021-04-20T22:01:27-05:00,516,17.4,69.5
2021-04-20T23:01:26-05:00,517,17.4,69.6
2021-04-21T00:01:27-05:00,518,16.7,72
2021-04-21T01:01:27-05:00,519,16.4,76.2
2021-04-21T02:01:27-05:00,520,15.8,79.4
2021-04-21T03:01:27-05:00,521,15.5,82.2
2021-04-21T04:01:27-05:00,522,15.7,81.4
2021-04-21T05:01:27-05:00,523,15.6,82.9
2021-04-21T06:10:27-05:00,524,15.7,81.8
2021-04-21T07:01:27-05:00,525,16.5,80.5
2021-04-21T08:01:27-05:00,526,20.9,65.6
2021-04-21T09:01:26-05:00,527,24.8,50.7
2021-04-21T10:01:27-05:00,528,26.9,43.1
2021-04-21T11:01:27-05:00,529,28.5,39.2
2021-04-21T12:01:26-05:00,530,29.7,36.3
2021-04-21T13:01:27-05:00,531,31.2,34.1
2021-04-21T14:01:26-05:00,532,30.9,33.8
2021-04-21T15:01:26-05:00,533,29.2,34.1
2021-04-21T16:01:26-05:00,534,27,39.4
2021-04-21T17:01:27-05:00,535,22.9,46.2
2021-04-21T18:01:27-05:00,536,20.7,52
2021-04-21T19:01:26-05:00,537,18.8,57.8
2021-04-21T20:01:27-05:00,538,17.7,60
2021-04-21T21:01:26-05:00,539,16.7,63.2
2021-04-21T22:01:27-05:00,540,15.9,65.4
2021-04-21T23:01:26-05:00,541,15.1,66.9
2021-04-22T00:01:27-05:00,542,15.3,70.3
2021-04-22T01:01:26-05:00,543,15.2,73.6
2021-04-22T03:01:26-05:00,544,15,72.3
2021-04-22T04:01:27-05:00,545,15.2,76.6
2021-04-22T05:01:27-05:00,546,15.3,76.4
2021-04-22T06:10:27-05:00,547,15.4,78.2
2021-04-22T07:01:27-05:00,548,15.6,68.9
2021-04-22T08:01:27-05:00,549,17.2,64.3
2021-04-22T10:01:26-05:00,550,24.3,49.5
2021-04-22T11:01:27-05:00,551,27.1,38.9
2021-04-22T12:01:26-05:00,552,27.7,36.6
2021-04-22T13:01:27-05:00,553,29.5,34.1
2021-04-22T14:01:27-05:00,554,30.2,33.8
2021-04-22T15:01:27-05:00,555,29.5,33.6
2021-04-22T17:01:27-05:00,556,26.6,37
2021-04-22T18:01:26-05:00,557,21.9,47.4
2021-04-22T19:01:26-05:00,558,20.1,50.7
2021-04-22T20:01:26-05:00,559,18.5,57.9
2021-04-22T21:01:27-05:00,560,16.8,66.1
2021-04-22T22:01:26-05:00,561,16.3,68.9
2021-04-22T23:01:26-05:00,562,15.9,69.4
2021-04-23T00:01:27-05:00,563,16.2,69.2
2021-04-23T01:01:26-05:00,564,16.7,64.3
2021-04-23T02:01:27-05:00,565,16.8,69
2021-04-23T03:01:26-05:00,566,16.8,72.1
2021-04-23T05:01:26-05:00,567,16.4,72.9
2021-04-23T06:10:28-05:00,568,16.3,75.9
2021-04-23T07:01:27-05:00,569,16.5,76
2021-04-23T08:01:26-05:00,570,17.6,74.6
2021-04-23T09:01:27-05:00,571,21.2,58.7
2021-04-23T10:01:26-05:00,572,27,43.7
2021-04-23T11:01:27-05:00,573,26.9,43.7
2021-04-23T12:01:26-05:00,574,26.7,42
2021-04-23T13:01:27-05:00,575,27.3,40.1
2021-04-23T14:01:26-05:00,576,28,38
2021-04-23T15:01:27-05:00,577,27,38.1
2021-04-23T16:01:26-05:00,578,27,41.1
2021-04-23T17:01:27-05:00,579,24.6,44.5
2021-04-23T18:01:27-05:00,580,21.3,50.3
2021-04-23T19:01:27-05:00,581,19.3,56.6
2021-04-23T20:01:26-05:00,582,17.7,61.8
2021-04-23T21:01:27-05:00,583,16.6,67.2
2021-04-23T22:01:27-05:00,584,16.4,68.9
2021-04-23T23:01:26-05:00,585,16.6,70
2021-04-24T00:01:27-05:00,586,16.1,71.3
2021-04-24T01:01:27-05:00,587,15,75.1
2021-04-24T02:01:26-05:00,588,14.1,74.3
2021-04-24T04:01:26-05:00,589,14.6,75.4
2021-04-24T05:01:27-05:00,590,14.8,75.4
2021-04-24T06:10:26-05:00,591,14.8,78.2
2021-04-24T07:01:27-05:00,592,15.2,78.2
2021-04-24T09:01:27-05:00,593,22.5,54.8
2021-04-24T10:01:27-05:00,594,25.3,48.3
2021-04-24T11:01:26-05:00,595,26.7,42
2021-04-24T12:01:26-05:00,596,25.3,44.4
2021-04-24T13:01:26-05:00,597,24.5,44.4
2021-04-24T14:01:26-05:00,598,26.4,42.1
2021-04-24T15:01:27-05:00,599,27.1,40
2021-04-24T16:01:26-05:00,600,26.8,38.6
2021-04-24T18:01:33-05:00,601,20.8,49.3
2021-04-24T20:01:29-05:00,602,18.5,59.3
2021-04-24T23:01:27-05:00,603,17.6,66.7
2021-04-25T00:01:26-05:00,604,17.3,70.6
2021-04-25T01:01:26-05:00,605,17.4,73.3
2021-04-25T02:01:26-05:00,606,16.7,76
2021-04-25T03:01:27-05:00,607,16.9,71.8
2021-04-25T04:01:26-05:00,608,16.4,73.8
2021-04-25T06:10:26-05:00,609,15.2,76.3
2021-04-25T07:01:26-05:00,610,15.7,73.9
2021-04-25T08:01:26-05:00,611,17.3,69.4
2021-04-25T09:01:27-05:00,612,24.2,54.3
2021-04-25T10:01:26-05:00,613,27,42.4
2021-04-25T11:01:26-05:00,614,29.4,37.6
2021-04-25T12:01:27-05:00,615,28.3,39.6
2021-04-25T13:01:26-05:00,616,27.1,45.6
2021-04-25T14:01:27-05:00,617,25.6,41.9
2021-04-25T15:01:26-05:00,618,26.4,41.8
2021-04-25T16:01:27-05:00,619,26.2,43.6
2021-04-25T17:01:26-05:00,620,23.4,48
2021-04-25T18:01:27-05:00,621,22,51.2
2021-04-25T19:01:27-05:00,622,20.3,54.8
2021-04-25T20:01:26-05:00,623,18.9,59.2
2021-04-25T21:01:27-05:00,624,18.8,60.5
2021-04-25T22:01:26-05:00,625,18.4,66.7
2021-04-25T23:01:26-05:00,626,17.6,79.3
2021-04-26T00:01:26-05:00,627,17.1,84.8
2021-04-26T01:01:26-05:00,628,16.2,85.2
2021-04-26T02:01:26-05:00,629,16.4,84.6
2021-04-26T03:01:26-05:00,630,16.2,84.9
2021-04-26T04:01:26-05:00,631,16.2,84.7
2021-04-26T05:01:27-05:00,632,15.9,85.3
2021-04-26T06:10:26-05:00,633,15.9,85.8
2021-04-26T07:01:26-05:00,634,16,85.4
2021-04-26T08:01:27-05:00,635,16.7,81.5
2021-04-26T09:01:27-05:00,636,18.4,71.9
2021-04-26T10:01:26-05:00,637,20.9,60.7
2021-04-26T11:01:26-05:00,638,21.8,57.9
2021-04-26T12:01:26-05:00,639,22.9,56.8
2021-04-26T13:01:26-05:00,640,27.4,42.8
2021-04-26T14:01:26-05:00,641,27,43
2021-04-26T16:01:26-05:00,642,26.9,40.3
2021-04-26T17:01:26-05:00,643,25.5,44.6
2021-04-26T18:01:26-05:00,644,21.3,54.4
2021-04-26T19:01:27-05:00,645,18.4,63.2
2021-04-26T20:01:26-05:00,646,18.7,61.9
2021-04-26T21:01:26-05:00,647,18.4,63.8
2021-04-26T22:01:26-05:00,648,17.3,65.1
2021-04-26T23:01:26-05:00,649,16.9,71.8
2021-04-27T00:01:26-05:00,650,16.1,75.9
2021-04-27T01:01:26-05:00,651,16.2,74.1
2021-04-27T02:01:27-05:00,652,15.5,76.8
2021-04-27T03:01:26-05:00,653,14.9,78
2021-04-27T04:01:26-05:00,654,15.1,79.4
2021-04-27T05:01:26-05:00,655,15,79.7
2021-04-27T06:10:26-05:00,656,13.8,80.5
2021-04-27T07:01:26-05:00,657,14.2,79.8
2021-04-27T08:01:26-05:00,658,22.1,60.6
2021-04-27T09:01:27-05:00,659,26.2,47
2021-04-27T10:01:27-05:00,660,27.4,42.5
2021-04-27T11:01:28-05:00,661,29.3,40.7
2021-04-27T12:01:26-05:00,662,31.5,35.1
2021-04-27T13:01:27-05:00,663,31.4,35.1
2021-04-27T14:01:27-05:00,664,28.6,38
2021-04-27T15:01:26-05:00,665,23.9,46.4
2021-04-27T16:01:26-05:00,666,21.6,59.6
2021-04-27T17:01:26-05:00,667,19.5,68.3
2021-04-27T18:01:26-05:00,668,18.1,80
2021-04-27T19:01:26-05:00,669,17.3,85.4
2021-04-27T20:01:26-05:00,670,17.1,87.3
2021-04-27T21:01:26-05:00,671,16.7,89
2021-04-27T22:01:26-05:00,672,16.6,88.6
2021-04-27T23:01:26-05:00,673,16.2,90.1
2021-04-28T00:01:26-05:00,674,15.8,90.3
2021-04-28T01:01:26-05:00,675,15.9,90.2
2021-04-28T02:01:26-05:00,676,15.7,90.3
2021-04-28T03:01:26-05:00,677,15.5,90.5
2021-04-28T04:01:26-05:00,678,15.5,91.1
2021-04-28T05:01:26-05:00,679,15.6,91
2021-04-28T06:10:26-05:00,680,15.3,90.8
2021-04-28T07:01:26-05:00,681,15.4,90.8
2021-04-28T08:01:26-05:00,682,16.5,90.7
2021-04-28T09:01:26-05:00,683,20.4,75.8
2021-04-28T12:01:26-05:00,684,27.1,42.3
2021-04-28T13:01:27-05:00,685,25.7,44.3
2021-04-28T14:01:26-05:00,686,25.5,42.7
2021-04-28T15:01:26-05:00,687,25.4,44.3
2021-04-28T16:01:26-05:00,688,20.1,67.1
2021-04-28T17:01:26-05:00,689,18.3,74.3
2021-04-28T18:01:26-05:00,690,17.8,76.3
2021-04-28T19:01:26-05:00,691,17.2,77.4
2021-04-28T21:01:26-05:00,692,16.2,79.1
2021-04-28T22:01:26-05:00,693,16,80.5
2021-04-29T00:01:26-05:00,694,15.4,82.2
2021-04-29T01:01:25-05:00,695,15.2,82.5
2021-04-29T02:01:25-05:00,696,15.1,84
2021-04-29T03:01:26-05:00,697,15,85
2021-04-29T04:01:25-05:00,698,14.7,86.9
2021-04-29T05:01:26-05:00,699,14.7,87.8
2021-04-29T08:01:26-05:00,700,17.6,79.3
2021-04-29T09:01:26-05:00,701,18.9,73.9
2021-04-29T11:01:26-05:00,702,23.9,55.8
2021-04-29T12:01:26-05:00,703,24.4,55.1
2021-04-29T13:01:26-05:00,704,26.9,47.6
2021-04-29T14:01:26-05:00,705,24.9,47.4
2021-04-29T16:01:25-05:00,706,26.4,40.8
2021-04-29T17:01:26-05:00,707,23.4,49.5
2021-04-29T18:01:26-05:00,708,20.8,56.4
2021-04-29T19:01:26-05:00,709,18.8,64.4
2021-04-29T20:01:26-05:00,710,18.1,67.2
2021-04-29T21:01:26-05:00,711,17.7,71.4
2021-04-29T22:01:25-05:00,712,17.2,71.2
2021-04-29T23:01:26-05:00,713,16.6,76.3
2021-04-30T00:01:26-05:00,714,16.3,78.7
2021-04-30T01:01:26-05:00,715,15.9,84
2021-04-30T02:01:26-05:00,716,15.8,89.4
2021-04-30T03:01:26-05:00,717,15.4,90.2
2021-04-30T04:01:26-05:00,718,14.8,90
2021-04-30T05:01:26-05:00,719,14.1,93.5
2021-04-30T06:10:26-05:00,720,13.9,92.7
2021-04-30T07:01:26-05:00,721,14.5,92.3
2021-05-04T21:01:25-05:00,722,18,66.7
2021-05-04T22:01:25-05:00,723,17.7,69.7
2021-05-04T23:01:25-05:00,724,17.8,70.3
2021-05-05T00:01:25-05:00,725,17.3,72
2021-05-05T01:01:25-05:00,726,17.2,73.5
2021-05-05T02:01:26-05:00,727,16.7,77.2
2021-05-05T03:01:25-05:00,728,16.6,77.4
2021-05-05T04:01:26-05:00,729,16.5,78.3
2021-05-05T05:01:25-05:00,730,16.3,79.4
2021-05-05T06:10:25-05:00,731,15.9,82.6
2021-05-05T07:01:25-05:00,732,16.3,80.3
2021-05-05T08:01:25-05:00,733,19.1,74.7
2021-05-05T09:01:26-05:00,734,21.6,59.7
2021-05-05T10:01:25-05:00,735,27,45.9
2021-05-05T11:01:25-05:00,736,27.2,44.6
2021-05-05T12:01:25-05:00,737,30.7,36.9
2021-05-05T13:01:26-05:00,738,31.4,34.3
2021-05-05T14:01:26-05:00,739,31.7,32.4
2021-05-05T15:01:25-05:00,740,31,33.4
2021-05-05T16:01:25-05:00,741,28.4,38.2
2021-05-05T17:01:25-05:00,742,25.7,43.4
2021-05-05T21:01:25-05:00,743,19.3,64.4
2021-05-05T22:01:25-05:00,744,18.4,67.5
2021-05-05T23:01:25-05:00,745,18.5,69.5
2021-05-06T00:01:25-05:00,746,17.8,75.5
2021-05-06T01:01:26-05:00,747,17.3,77.1
2021-05-06T02:01:26-05:00,748,17.3,76.5
2021-05-06T03:01:25-05:00,749,17,78.8
2021-05-06T04:01:25-05:00,750,17,82.3
2021-05-06T05:01:26-05:00,751,16.9,89.4
2021-05-06T06:10:25-05:00,752,15.9,87.9
2021-05-06T07:01:25-05:00,753,16.6,87.7
2021-05-06T08:01:26-05:00,754,18.1,79.7
2021-05-06T09:01:25-05:00,755,24.9,54.8
2021-05-06T10:01:25-05:00,756,27.1,45.4
2021-05-06T11:01:25-05:00,757,28.9,40.7
2021-05-06T12:01:25-05:00,758,30.5,37.2
2021-05-06T13:01:25-05:00,759,31.3,32.2
2021-05-06T14:01:25-05:00,760,30.9,32.9
2021-05-06T15:01:25-05:00,761,24.2,46.4
2021-05-06T16:01:25-05:00,762,21.9,48.9
2021-05-06T17:01:25-05:00,763,20.5,53.9
2021-05-06T19:01:26-05:00,764,18.3,61.9
2021-05-06T21:01:25-05:00,765,16.5,73.3
2021-05-06T22:01:25-05:00,766,16.4,72.2
2021-05-06T23:01:26-05:00,767,16,78
2021-05-07T00:01:25-05:00,768,16.3,75.3
2021-05-07T01:01:25-05:00,769,16.4,76.3
2021-05-07T02:01:25-05:00,770,16.1,78.7
2021-05-07T03:01:25-05:00,771,15.7,79
2021-05-07T04:01:25-05:00,772,15.7,80.5
2021-05-07T05:01:25-05:00,773,15.7,79.1
2021-05-07T06:10:25-05:00,774,15.6,80
2021-05-07T07:01:25-05:00,775,15.6,81.9
2021-05-07T08:01:26-05:00,776,19.4,69
2021-05-07T09:01:25-05:00,777,26.3,45
2021-05-07T10:01:26-05:00,778,27.2,41.5
2021-05-07T11:01:25-05:00,779,28.8,38.1
2021-05-07T12:01:25-05:00,780,30,34.2
2021-05-07T13:01:25-05:00,781,28.9,35.8
2021-05-07T14:01:25-05:00,782,27.8,37.2
2021-05-07T15:01:25-05:00,783,28,36.6
2021-05-07T16:01:25-05:00,784,26.8,37.3
2021-05-07T17:01:25-05:00,785,22.9,48
2021-05-07T19:01:25-05:00,786,19.9,57.7
2021-05-07T20:01:25-05:00,787,19.1,62.6
2021-05-07T21:01:25-05:00,788,18.5,66.5
2021-05-07T22:01:25-05:00,789,17.8,69.1
2021-05-07T23:01:25-05:00,790,17.9,68
2021-05-08T00:01:25-05:00,791,17.7,69.4
2021-05-08T01:01:25-05:00,792,17.6,69.5
2021-05-08T02:01:25-05:00,793,16.4,74.4
2021-05-08T03:01:25-05:00,794,16.3,76.1
2021-05-08T04:01:25-05:00,795,16,77.9
2021-05-08T06:10:25-05:00,796,16.1,78.3
2021-05-08T07:01:25-05:00,797,16.2,79.4
2021-05-08T08:01:25-05:00,798,18,74.7
2021-05-08T09:01:25-05:00,799,25,53.3
2021-05-08T10:01:25-05:00,800,26.9,44
2021-05-08T11:01:25-05:00,801,26.4,42.9
2021-05-08T12:01:25-05:00,802,27.1,41.4
2021-05-08T13:01:25-05:00,803,30.2,35.7
2021-05-08T14:01:25-05:00,804,27.4,40.3
2021-05-08T16:01:25-05:00,805,23,57.5
2021-05-08T17:01:25-05:00,806,21.3,59.6
2021-05-08T18:01:25-05:00,807,19.3,69.4
2021-05-08T20:01:25-05:00,808,17.9,70.1
2021-05-08T22:01:25-05:00,809,17.2,72.3
2021-05-08T23:01:25-05:00,810,17.1,73.4
2021-05-09T00:01:25-05:00,811,16.3,77.9
2021-05-09T01:01:25-05:00,812,16.4,75
2021-05-09T02:01:25-05:00,813,15.8,76.2
2021-05-09T03:01:25-05:00,814,15.4,76.4
2021-05-09T05:01:25-05:00,815,14.7,79.2
2021-05-09T06:10:25-05:00,816,14.7,79.3
2021-05-09T07:01:25-05:00,817,15.4,80.3
2021-05-09T08:01:25-05:00,818,17.6,72.6
2021-05-09T09:01:25-05:00,819,21.9,54.3
2021-05-09T10:01:25-05:00,820,25.7,43.4
2021-05-09T11:01:25-05:00,821,24.7,43.6
2021-05-09T12:01:25-05:00,822,26.4,40.9
2021-05-09T13:01:25-05:00,823,26,40.7
2021-05-09T14:01:25-05:00,824,24.8,43.6
2021-05-09T15:01:25-05:00,825,23.6,46.5
2021-05-09T16:01:25-05:00,826,22.9,48.1
2021-05-09T17:01:25-05:00,827,21.6,50.7
2021-05-09T18:01:25-05:00,828,19.9,56
2021-05-09T19:01:25-05:00,829,18.9,59.3
2021-05-09T20:01:25-05:00,830,18.2,61.6
2021-05-09T21:01:24-05:00,831,17.5,63.2
2021-05-09T22:01:25-05:00,832,17.4,63.6
2021-05-09T23:01:25-05:00,833,17.1,63.4
2021-05-10T00:01:25-05:00,834,16.9,64.5
2021-05-10T01:01:25-05:00,835,16.8,66.5
2021-05-10T02:01:25-05:00,836,16.2,71.1
2021-05-10T03:01:25-05:00,837,16.3,70.4
2021-05-10T04:01:24-05:00,838,16.4,69.2
2021-05-10T05:01:25-05:00,839,16.4,68.8
2021-05-10T06:10:25-05:00,840,16,70.5
2021-05-10T07:01:25-05:00,841,16.2,70.3
2021-05-10T08:01:25-05:00,842,19.7,59.6
2021-05-10T09:01:24-05:00,843,25.9,43
2021-05-10T10:01:25-05:00,844,26.9,40.7
2021-05-10T11:01:25-05:00,845,28.3,38.1
2021-05-10T13:01:24-05:00,846,28.1,37.4
2021-05-10T14:01:25-05:00,847,26.7,39.2
2021-05-10T15:01:24-05:00,848,24.5,41.3
2021-05-10T16:01:25-05:00,849,23.7,44.4
2021-05-10T17:01:25-05:00,850,22.6,47
2021-05-10T18:01:25-05:00,851,20.1,54.1
2021-05-10T19:01:25-05:00,852,18.9,56.7
2021-05-10T20:01:25-05:00,853,18.2,58.8
2021-05-10T21:01:24-05:00,854,17.5,61.9
2021-05-10T23:01:25-05:00,855,17.4,61.7
2021-05-11T00:01:25-05:00,856,17.2,63.5
2021-05-11T01:01:25-05:00,857,16.8,64.8
2021-05-11T02:01:25-05:00,858,16.4,69.5
2021-05-11T03:01:25-05:00,859,15.9,69.7
2021-05-11T05:01:25-05:00,860,15.4,76
2021-05-11T06:10:25-05:00,861,15.2,77.5
2021-05-11T07:01:25-05:00,862,16.3,76.4
2021-05-11T08:01:24-05:00,863,17.4,68.4
2021-05-11T09:01:25-05:00,864,18.7,62.9
2021-05-11T10:01:25-05:00,865,20.7,56.1
2021-05-11T11:01:25-05:00,866,23.8,48.9
2021-05-11T12:01:25-05:00,867,25.2,45.1
2021-05-11T13:01:25-05:00,868,24.9,44
2021-05-11T14:01:25-05:00,869,27.1,39.5
2021-05-11T15:01:25-05:00,870,27.4,38.4
2021-05-11T16:01:24-05:00,871,25.8,42.1
2021-05-11T17:01:25-05:00,872,24.9,43.1
2021-05-11T18:01:25-05:00,873,20.8,50.9
2021-05-11T19:01:25-05:00,874,19,54.7
2021-05-11T20:01:25-05:00,875,17.4,59.9
2021-05-11T21:01:25-05:00,876,17,64.5
2021-05-11T22:01:24-05:00,877,16.8,66.6
2021-05-11T23:01:25-05:00,878,17.2,65.8
2021-05-12T00:01:24-05:00,879,17.1,66.8
2021-05-12T01:01:25-05:00,880,16.9,67.4
2021-05-12T02:01:25-05:00,881,16.3,68.9
2021-05-12T03:01:25-05:00,882,15.5,69.5
2021-05-12T05:01:24-05:00,883,15.7,74.4
2021-05-12T06:10:25-05:00,884,15.7,79.5
2021-05-12T07:01:25-05:00,885,15.6,79.7
2021-05-12T08:01:25-05:00,886,17.7,76.4
2021-05-12T09:01:25-05:00,887,22.3,55.5
2021-05-12T10:01:27-05:00,888,25.4,44.6
2021-05-12T11:01:24-05:00,889,25.2,46
2021-05-12T12:01:25-05:00,890,27,42.5
2021-05-12T13:01:25-05:00,891,26,43.1
2021-05-12T15:01:25-05:00,892,24.5,44.5
2021-05-12T16:01:24-05:00,893,23.2,47.4
2021-05-12T17:01:24-05:00,894,20.6,57.5
2021-05-12T18:01:25-05:00,895,19.2,61.5
2021-05-12T19:01:24-05:00,896,17.9,64.4
2021-05-12T20:01:25-05:00,897,16.7,67.5
2021-05-12T21:01:24-05:00,898,15.8,71.3
2021-05-12T22:01:25-05:00,899,15.4,72
2021-05-12T23:01:25-05:00,900,15.7,74.8
2021-05-13T00:01:25-05:00,901,15.5,77.1
2021-05-13T01:01:25-05:00,902,15.5,78.2
2021-05-13T02:01:24-05:00,903,15.3,79.5
2021-05-13T03:01:25-05:00,904,15.4,79.9
2021-05-13T04:01:24-05:00,905,15.3,80.8
2021-05-13T05:01:25-05:00,906,15.3,80.6
2021-05-13T06:10:24-05:00,907,15.2,81.5
2021-05-13T08:01:24-05:00,908,17.2,75.5
2021-05-13T09:01:25-05:00,909,20,62.9
2021-05-13T10:01:25-05:00,910,24.2,49.8
2021-05-13T11:01:25-05:00,911,28.2,42.1
2021-05-13T12:01:24-05:00,912,27.4,41.3
2021-05-13T13:01:25-05:00,913,26.9,40.8
2021-05-13T14:01:25-05:00,914,25.8,43.1
2021-05-13T15:01:24-05:00,915,25.8,44.4
2021-05-13T16:01:25-05:00,916,24.9,45.6
2021-05-13T17:01:24-05:00,917,22.7,51.1
2021-05-13T18:01:25-05:00,918,20.7,55.6
2021-05-13T19:01:24-05:00,919,19,61.3
2021-05-13T20:01:25-05:00,920,17.9,65.2
2021-05-13T21:01:24-05:00,921,17.3,67.7
2021-05-13T22:01:25-05:00,922,17.5,67.7
2021-05-13T23:01:24-05:00,923,17.5,68.6
2021-05-14T00:01:25-05:00,924,17.1,70.7
2021-05-14T01:01:25-05:00,925,17,71.7
2021-05-14T02:01:25-05:00,926,16.8,73.2
2021-05-14T03:01:24-05:00,927,16.4,74.8
2021-05-14T04:01:25-05:00,928,16.2,76.1
2021-05-14T05:01:24-05:00,929,15.9,78.8
2021-05-14T06:10:24-05:00,930,15.9,79.4
2021-05-14T07:01:24-05:00,931,16.6,79.8
2021-05-14T08:01:24-05:00,932,19.9,66.7
2021-05-14T09:01:25-05:00,933,23.1,55
2021-05-14T10:01:24-05:00,934,26.9,45
2021-05-14T11:01:25-05:00,935,26.1,45.9
2021-05-14T12:01:25-05:00,936,23.3,51.8
2021-05-14T13:01:25-05:00,937,26.8,46.1
2021-05-14T14:01:24-05:00,938,27,44.2
2021-05-14T15:01:24-05:00,939,23.8,50.2
2021-05-14T16:01:25-05:00,940,24.1,49.8
2021-05-14T17:01:24-05:00,941,21.9,55
2021-05-14T18:01:24-05:00,942,20.3,59.7
2021-05-14T19:01:25-05:00,943,18.7,64.4
2021-05-14T20:01:24-05:00,944,18.7,66.8
2021-05-14T21:01:24-05:00,945,18.6,69.6
2021-05-14T22:01:25-05:00,946,18.2,69.6
2021-05-14T23:01:25-05:00,947,18,71.3
2021-05-15T00:01:24-05:00,948,17.8,71.5
2021-05-15T01:01:24-05:00,949,17.7,71.4
2021-05-15T02:01:25-05:00,950,17.3,71.5
2021-05-15T03:01:24-05:00,951,16.9,73.8
2021-05-15T04:01:25-05:00,952,15.9,78.4
2021-05-15T05:01:24-05:00,953,15.8,81.4
2021-05-15T06:10:25-05:00,954,15.8,81.2
2021-05-15T07:01:25-05:00,955,16.2,80.9
2021-05-15T08:01:25-05:00,956,17.3,76.7
2021-05-15T09:01:24-05:00,957,18.8,69.4
2021-05-15T10:01:24-05:00,958,20.8,61.3
2021-05-15T11:01:25-05:00,959,23.5,49.8
2021-05-15T12:01:24-05:00,960,22.6,50.8
2021-05-15T13:01:24-05:00,961,22.4,57.1
2021-05-15T14:01:25-05:00,962,21,68
2021-05-15T15:01:25-05:00,963,21.1,61.9
2021-05-15T16:01:24-05:00,964,20.1,62.6
2021-05-15T17:01:24-05:00,965,19.5,65.9
2021-05-15T18:01:24-05:00,966,18.3,69.4
2021-05-15T19:01:25-05:00,967,18,72.8
2021-05-15T20:01:24-05:00,968,17.5,73.7
2021-05-15T21:01:24-05:00,969,17,76.4
2021-05-15T22:01:24-05:00,970,16.6,80.5
2021-05-15T23:01:24-05:00,971,16.3,81.4
2021-05-16T00:01:25-05:00,972,16.3,81.7
2021-05-16T01:01:25-05:00,973,16.2,81.6
2021-05-16T03:01:25-05:00,974,15.5,88.8
2021-05-16T04:01:24-05:00,975,15.5,90.2
2021-05-16T05:01:24-05:00,976,15.4,90.6
2021-05-16T06:10:24-05:00,977,15.3,90.9
2021-05-16T07:01:24-05:00,978,15.4,91.7
2021-05-16T08:01:24-05:00,979,17.9,91.4
2021-05-16T09:01:24-05:00,980,22.1,77.3
2021-05-16T10:01:24-05:00,981,24.7,57.3
2021-05-16T11:01:24-05:00,982,25.8,51.4
2021-05-16T12:01:25-05:00,983,25.5,52.7
2021-05-16T13:01:24-05:00,984,24.2,55.2
2021-05-16T14:01:25-05:00,985,24.6,60.7
2021-05-16T15:01:24-05:00,986,23.6,58.2
2021-05-16T16:01:25-05:00,987,25.3,50.6
2021-05-16T17:01:24-05:00,988,22.2,57.9
2021-05-16T18:01:24-05:00,989,19.8,63.8
2021-05-16T19:01:24-05:00,990,18.4,73.7
2021-05-16T21:01:25-05:00,991,17.2,77.7
2021-05-16T22:01:24-05:00,992,17.3,78.3
2021-05-16T23:01:25-05:00,993,17.3,78.7
2021-05-17T00:01:24-05:00,994,17.2,78.5
2021-05-17T01:01:24-05:00,995,16.8,79.6
2021-05-17T02:01:24-05:00,996,16.3,83.1
2021-05-17T03:01:24-05:00,997,16.1,83.4
2021-05-17T04:01:24-05:00,998,15.8,88.7
2021-05-17T05:01:24-05:00,999,15.6,90.7
2021-05-17T06:10:24-05:00,1000,15.6,91.2
2021-05-17T07:01:24-05:00,1001,16.5,90.9
2021-05-17T08:01:24-05:00,1002,17.2,85.3
2021-05-17T09:01:24-05:00,1003,23.1,63.6
2021-05-17T10:01:25-05:00,1004,23.9,55.8
2021-05-17T11:01:24-05:00,1005,24.7,53.8
2021-05-17T12:01:24-05:00,1006,27.4,45.9
2021-05-17T13:01:25-05:00,1007,29.5,41.5
2021-05-17T14:01:24-05:00,1008,29.6,39.2
2021-05-17T15:01:24-05:00,1009,29.4,37.7
2021-05-17T16:01:24-05:00,1010,27,42.9
2021-05-17T17:01:24-05:00,1011,24,47.6
2021-05-17T18:01:24-05:00,1012,21.6,52.3
2021-05-17T19:01:24-05:00,1013,19.5,65.7
2021-05-17T20:01:24-05:00,1014,18.1,74.2
2021-05-17T21:01:24-05:00,1015,17.4,82.1
2021-05-17T22:01:24-05:00,1016,16.8,85.9
2021-05-17T23:01:24-05:00,1017,16.5,87.4
2021-05-18T00:01:24-05:00,1018,16.5,90.7
2021-05-18T01:01:24-05:00,1019,16.4,91
2021-05-18T02:01:24-05:00,1020,15.7,90.7
2021-05-18T03:01:24-05:00,1021,15.2,91.5
2021-05-18T04:01:25-05:00,1022,14.9,91.8
2021-05-18T05:01:24-05:00,1023,14.6,91.9
2021-05-18T06:10:25-05:00,1024,14.7,92
2021-05-18T07:01:24-05:00,1025,15.3,91.7
2021-05-18T08:01:24-05:00,1026,15.8,90.7
2021-05-18T09:01:25-05:00,1027,16.7,82.9
2021-05-18T10:01:24-05:00,1028,16.6,81.1
2021-05-18T11:01:24-05:00,1029,18.4,68.6
2021-05-18T12:01:24-05:00,1030,20.1,63
2021-05-18T13:01:24-05:00,1031,21.8,56.2
2021-05-18T14:01:24-05:00,1032,22.7,51.4
2021-05-18T15:01:24-05:00,1033,22.2,52
2021-05-18T16:01:24-05:00,1034,22.5,51.7
2021-05-18T17:01:24-05:00,1035,20.8,54.7
2021-05-18T18:01:25-05:00,1036,18.7,62
2021-05-18T19:01:24-05:00,1037,17.6,66.2
2021-05-18T20:01:24-05:00,1038,16.1,72.1
2021-05-18T21:01:24-05:00,1039,14.6,76.1
2021-05-18T22:01:25-05:00,1040,13.5,78.8
2021-05-18T23:01:24-05:00,1041,13.8,85.1
2021-05-19T00:01:24-05:00,1042,14.3,81.9
2021-05-19T01:01:24-05:00,1043,13.8,78.2
2021-05-19T02:01:24-05:00,1044,14,77.4
2021-05-19T04:01:24-05:00,1045,13.3,79.9
2021-05-19T05:01:24-05:00,1046,13,82
2021-05-19T06:10:24-05:00,1047,13.5,81.9
2021-05-19T07:01:24-05:00,1048,14.3,81.6
2021-05-19T08:01:24-05:00,1049,16.9,71.3
2021-05-19T09:01:24-05:00,1050,21.8,55.7
2021-05-19T10:01:24-05:00,1051,25.6,47
2021-05-19T11:01:24-05:00,1052,27,46.2
2021-05-19T12:01:24-05:00,1053,27,45.7
2021-05-19T13:01:24-05:00,1054,27,42.5
2021-05-19T14:01:25-05:00,1055,25.5,44.4
2021-05-19T15:01:24-05:00,1056,25.5,45.4
2021-05-19T16:01:24-05:00,1057,23.9,47.7
2021-05-19T17:01:24-05:00,1058,24.8,46.3
2021-05-19T18:01:24-05:00,1059,20.7,56.4
2021-05-19T19:01:24-05:00,1060,18.9,62.2
2021-05-19T21:01:24-05:00,1061,15.6,72.9
2021-05-19T22:01:24-05:00,1062,15.8,74.6
2021-05-19T23:01:24-05:00,1063,16,75.2
2021-05-20T00:01:24-05:00,1064,14.8,77.7
2021-05-20T01:01:24-05:00,1065,14,79.5
2021-05-20T02:01:24-05:00,1066,14.6,80.6
2021-05-20T03:01:24-05:00,1067,15,80.8
2021-05-20T04:01:24-05:00,1068,14.7,82.4
2021-05-20T06:10:24-05:00,1069,14.6,84.3
2021-05-20T07:01:24-05:00,1070,15.8,80.8
2021-05-20T09:01:24-05:00,1071,19.4,64.7
2021-05-20T10:01:24-05:00,1072,27.1,44.1
2021-05-20T11:01:24-05:00,1073,25.6,45.9
2021-05-20T12:01:24-05:00,1074,27,41.8
2021-05-20T13:01:24-05:00,1075,28.1,38.8
2021-05-20T14:01:24-05:00,1076,28.4,35.3
2021-05-20T15:01:24-05:00,1077,29.4,35.7
2021-05-21T10:01:24-05:00,1078,27,45
2021-05-21T11:01:24-05:00,1079,27.6,41.8
2021-05-21T16:01:24-05:00,1080,27.1,43.1
2021-05-21T17:01:23-05:00,1081,26.2,44.7
2021-05-21T19:01:23-05:00,1082,20.6,59
2021-05-22T13:01:24-05:00,1083,24.5,48.8
2021-05-22T14:01:24-05:00,1084,27.8,43.1
2021-05-23T05:01:24-05:00,1085,16.8,75.5
2021-05-23T20:01:23-05:00,1086,19,63.9
2021-05-24T10:01:23-05:00,1087,24.9,57.6
2021-05-24T11:01:24-05:00,1088,26.9,48.4
2021-05-24T12:01:24-05:00,1089,28.3,46.3
