created_at,entry_id,field1,field2,latitude,longitude,elevation,status
2021-07-09 09:01:20 -05,1,16.50,87.90,,,,
2021-07-09 10:01:19 -05,2,19.80,61.70,,,,
2021-07-10 11:01:19 -05,3,20.10,63.20,,,,
2021-07-10 12:01:19 -05,4,19.20,65.60,,,,
2021-07-10 13:01:19 -05,5,18.60,60.80,,,,
2021-07-10 14:01:19 -05,6,18.20,62.20,,,,
2021-07-10 15:01:20 -05,7,21.30,53.30,,,,
2021-07-10 16:01:20 -05,8,18.80,57.60,,,,
2021-07-10 17:01:19 -05,9,18.80,58.50,,,,
2021-08-01 10:01:17 -05,10,16.50,63.70,,,,
2021-08-01 11:01:17 -05,11,19.60,58.20,,,,
2021-08-01 12:01:17 -05,12,21.30,50.80,,,,
2021-08-01 13:01:18 -05,13,23.40,44.60,,,,
2021-08-01 14:01:17 -05,14,32.20,29.70,,,,
2021-08-01 15:01:17 -05,15,20.20,50.80,,,,
2021-08-01 16:01:17 -05,16,20.40,51.50,,,,
2021-08-01 17:01:17 -05,17,17.10,61.90,,,,
2021-08-01 18:01:17 -05,18,16.20,66.60,,,,
2021-08-02 17:00:02 -05,19,16.10,67.20,,,,
2021-08-02 17:00:19 -05,20,16.20,67.30,,,,
2021-08-02 17:00:37 -05,21,16.20,67.30,,,,
2021-08-02 17:00:55 -05,22,16.20,67.30,,,,
2021-08-02 17:15:02 -05,23,15.90,67.10,,,,
2021-08-02 17:15:19 -05,24,15.90,67.40,,,,
2021-08-02 17:15:37 -05,25,15.80,67.60,,,,
2021-08-02 17:15:55 -05,26,15.80,67.80,,,,
2021-08-02 17:30:02 -05,27,15.30,70.10,,,,
2021-08-02 17:30:19 -05,28,15.20,70.10,,,,
2021-08-02 17:30:37 -05,29,15.20,70.00,,,,
2021-08-02 17:30:55 -05,30,15.20,70.00,,,,
2021-08-23 12:59:59 -05,31,23.40,46.70,,,,
2021-08-23 13:00:17 -05,32,23.30,46.50,,,,
2021-08-23 13:00:35 -05,33,23.30,46.50,,,,
2021-08-23 13:00:50 -05,34,23.30,47.20,,,,
2021-08-23 13:14:59 -05,35,22.50,47.00,,,,
2021-08-23 13:15:17 -05,36,22.40,47.10,,,,
2021-08-23 13:15:35 -05,37,22.40,47.50,,,,
2021-08-23 13:15:53 -05,38,22.50,47.40,,,,
2021-08-23 13:29:59 -05,39,21.70,53.90,,,,
2021-08-23 13:30:17 -05,40,21.70,54.30,,,,
2021-08-23 13:30:35 -05,41,21.70,55.30,,,,
2021-08-23 13:30:53 -05,42,21.70,55.50,,,,
2021-08-23 13:44:59 -05,43,21.30,53.80,,,,
2021-08-23 13:45:17 -05,44,21.20,53.40,,,,
2021-08-23 13:45:35 -05,45,21.20,53.90,,,,
2021-08-23 13:45:53 -05,46,21.10,54.50,,,,
2021-08-23 13:59:59 -05,47,22.00,50.30,,,,
2021-08-23 14:00:17 -05,48,22.00,50.50,,,,
2021-08-23 14:00:32 -05,49,22.00,50.50,,,,
2021-08-23 14:00:50 -05,50,22.00,50.50,,,,
2021-08-23 14:14:59 -05,51,22.40,52.10,,,,
2021-08-23 14:15:17 -05,52,22.40,51.80,,,,
2021-08-23 14:15:35 -05,53,22.40,52.40,,,,
2021-08-23 14:15:50 -05,54,22.40,53.60,,,,
2021-08-23 14:29:59 -05,55,22.90,50.00,,,,
2021-08-23 14:30:17 -05,56,22.90,48.90,,,,
2021-08-23 14:30:35 -05,57,23.00,49.20,,,,
2021-08-23 14:30:53 -05,58,23.00,48.90,,,,
2021-08-23 14:44:59 -05,59,23.80,44.10,,,,
2021-08-23 14:45:17 -05,60,23.80,44.30,,,,
2021-08-23 14:45:35 -05,61,23.80,44.40,,,,
2021-08-23 14:45:53 -05,62,23.90,44.40,,,,
2021-08-23 14:59:59 -05,63,24.70,42.00,,,,
2021-08-23 15:00:17 -05,64,24.70,41.80,,,,
2021-08-23 15:00:35 -05,65,24.70,42.00,,,,
2021-08-23 15:00:53 -05,66,24.70,42.30,,,,
2021-08-23 15:14:59 -05,67,24.50,40.20,,,,
2021-08-23 15:15:17 -05,68,24.60,40.50,,,,
2021-08-23 15:15:35 -05,69,24.60,40.60,,,,
2021-08-23 15:15:53 -05,70,24.50,40.40,,,,
2021-08-23 15:29:59 -05,71,24.40,38.50,,,,
2021-08-23 15:30:17 -05,72,24.40,39.10,,,,
2021-08-23 15:30:35 -05,73,24.40,39.00,,,,
2021-08-23 15:30:53 -05,74,24.40,39.30,,,,
2021-08-23 15:44:59 -05,75,23.70,38.80,,,,
2021-08-23 15:45:18 -05,76,23.70,38.80,,,,
2021-08-23 15:45:36 -05,77,23.70,38.80,,,,
2021-08-23 15:45:54 -05,78,23.70,39.00,,,,
2021-08-23 15:59:59 -05,79,23.40,42.00,,,,
2021-08-23 16:00:17 -05,80,23.40,42.00,,,,
2021-08-23 16:00:35 -05,81,23.40,42.20,,,,
2021-08-23 16:00:53 -05,82,23.30,42.30,,,,
2021-08-23 16:14:59 -05,83,22.80,43.50,,,,
2021-08-23 16:15:15 -05,84,22.80,43.60,,,,
2021-08-23 16:15:32 -05,85,22.80,43.90,,,,
2021-08-23 16:15:50 -05,86,22.80,43.90,,,,
2021-08-23 16:29:59 -05,87,22.30,45.40,,,,
2021-08-23 16:30:15 -05,88,22.30,45.70,,,,
2021-08-23 16:30:32 -05,89,22.30,45.80,,,,
2021-08-23 16:30:50 -05,90,22.30,45.90,,,,
2021-08-23 16:44:59 -05,91,22.10,46.10,,,,
2021-08-23 16:45:17 -05,92,22.10,46.00,,,,
2021-08-23 16:45:35 -05,93,22.00,46.30,,,,
2021-08-23 16:45:53 -05,94,22.00,46.40,,,,
2021-08-23 16:59:59 -05,95,21.60,46.90,,,,
2021-08-23 17:00:23 -05,96,21.60,47.10,,,,
2021-08-23 17:00:46 -05,97,21.60,47.30,,,,
2021-08-23 17:14:59 -05,98,21.30,47.50,,,,
2021-08-23 17:15:17 -05,99,21.30,47.50,,,,
2021-08-23 17:15:35 -05,100,21.30,47.70,,,,
2021-08-23 17:15:57 -05,101,21.20,48.10,,,,
2021-08-23 17:29:59 -05,102,21.00,48.50,,,,
2021-08-23 17:30:17 -05,103,20.90,48.40,,,,
2021-08-23 17:30:35 -05,104,20.90,48.60,,,,
2021-08-23 17:30:53 -05,105,20.90,48.90,,,,
2021-08-23 17:44:59 -05,106,20.60,49.60,,,,
2021-08-23 17:45:17 -05,107,20.60,49.50,,,,
2021-08-23 17:45:35 -05,108,20.60,49.40,,,,
2021-08-23 17:45:50 -05,109,20.60,49.60,,,,
2021-08-23 17:59:59 -05,110,20.40,50.50,,,,
2021-08-23 18:00:17 -05,111,20.40,50.70,,,,
2021-08-23 18:00:35 -05,112,20.40,50.60,,,,
2021-08-23 18:00:53 -05,113,20.40,50.80,,,,
2021-08-23 18:14:59 -05,114,19.90,50.90,,,,
2021-08-23 18:15:17 -05,115,19.90,51.00,,,,
2021-08-23 18:15:35 -05,116,19.90,50.80,,,,
2021-08-23 18:15:55 -05,117,19.80,51.00,,,,
2021-08-23 18:29:59 -05,118,19.50,52.20,,,,
2021-08-23 18:30:15 -05,119,19.50,52.10,,,,
2021-08-23 18:30:32 -05,120,19.50,52.00,,,,
2021-08-23 18:30:50 -05,121,19.50,52.10,,,,
2021-08-23 18:44:59 -05,122,19.20,53.80,,,,
2021-08-23 18:45:17 -05,123,19.20,53.60,,,,
2021-08-23 18:45:35 -05,124,19.20,53.60,,,,
2021-08-23 18:45:53 -05,125,19.20,53.50,,,,
2021-08-23 18:59:59 -05,126,19.00,55.00,,,,
2021-08-23 19:00:17 -05,127,18.90,55.10,,,,
2021-08-23 19:00:35 -05,128,18.90,55.10,,,,
2021-08-23 19:00:50 -05,129,18.90,55.10,,,,
2021-08-23 19:14:59 -05,130,18.70,59.70,,,,
2021-08-23 19:15:22 -05,131,18.60,59.90,,,,
2021-08-23 19:15:40 -05,132,18.60,60.10,,,,
2021-08-23 19:15:58 -05,133,18.60,60.50,,,,
2021-08-23 19:29:59 -05,134,18.10,62.70,,,,
2021-08-23 19:30:17 -05,135,18.20,62.90,,,,
2021-08-23 19:30:35 -05,136,18.20,63.00,,,,
2021-08-23 19:30:53 -05,137,18.20,62.90,,,,
2021-08-23 19:44:59 -05,138,17.80,64.90,,,,
2021-08-23 19:45:22 -05,139,17.80,64.90,,,,
2021-08-23 19:45:40 -05,140,17.80,65.00,,,,
2021-08-23 19:45:57 -05,141,17.80,65.00,,,,
2021-08-23 19:59:59 -05,142,17.50,65.80,,,,
2021-08-23 20:00:17 -05,143,17.50,65.70,,,,
2021-08-23 20:00:35 -05,144,17.50,65.90,,,,
2021-08-23 20:00:53 -05,145,17.60,66.10,,,,
2021-08-23 20:14:59 -05,146,17.40,65.70,,,,
2021-08-23 20:15:15 -05,147,17.30,65.80,,,,
2021-08-23 20:15:32 -05,148,17.40,66.00,,,,
2021-08-23 20:15:50 -05,149,17.40,66.00,,,,
2021-08-23 20:29:59 -05,150,17.00,63.80,,,,
2021-08-23 20:30:17 -05,151,17.00,63.70,,,,
2021-08-23 20:30:35 -05,152,17.00,63.70,,,,
2021-08-23 20:30:53 -05,153,17.00,63.80,,,,
2021-08-23 20:44:59 -05,154,16.80,63.10,,,,
2021-08-23 20:45:17 -05,155,16.90,63.20,,,,
2021-08-23 20:45:43 -05,156,16.80,63.20,,,,
2021-08-23 20:59:59 -05,157,16.60,63.80,,,,
2021-08-23 21:00:15 -05,158,16.70,63.90,,,,
2021-08-23 21:00:32 -05,159,16.60,63.90,,,,
2021-08-23 21:00:48 -05,160,16.60,63.90,,,,
2021-08-23 21:14:59 -05,161,16.20,66.00,,,,
2021-08-23 21:15:17 -05,162,16.20,66.20,,,,
2021-08-23 21:15:35 -05,163,16.20,66.20,,,,
2021-08-23 21:15:53 -05,164,16.20,66.30,,,,
2021-08-23 21:29:59 -05,165,16.00,66.50,,,,
2021-08-23 21:30:17 -05,166,16.00,66.60,,,,
2021-08-23 21:30:35 -05,167,16.00,66.60,,,,
2021-08-23 21:30:53 -05,168,16.00,66.60,,,,
2021-08-23 21:44:59 -05,169,15.70,67.30,,,,
2021-08-23 21:45:17 -05,170,15.70,67.30,,,,
2021-08-23 21:45:35 -05,171,15.70,67.50,,,,
2021-08-23 21:45:53 -05,172,15.70,67.50,,,,
2021-08-23 21:59:59 -05,173,15.50,67.80,,,,
2021-08-23 22:00:17 -05,174,15.50,67.80,,,,
2021-08-23 22:00:32 -05,175,15.50,67.80,,,,
2021-08-23 22:00:55 -05,176,15.50,67.60,,,,
2021-08-23 22:14:59 -05,177,15.40,67.60,,,,
2021-08-23 22:15:17 -05,178,15.40,67.70,,,,
2021-08-23 22:15:35 -05,179,15.40,67.80,,,,
2021-08-23 22:15:53 -05,180,15.40,67.80,,,,
2021-08-23 22:29:59 -05,181,15.20,68.40,,,,
2021-08-23 22:30:17 -05,182,15.20,68.70,,,,
2021-08-23 22:30:35 -05,183,15.20,68.80,,,,
2021-08-23 22:30:53 -05,184,15.20,68.90,,,,
2021-08-23 22:44:59 -05,185,15.00,69.10,,,,
2021-08-23 22:45:17 -05,186,15.00,69.30,,,,
2021-08-23 22:45:35 -05,187,15.00,69.20,,,,
2021-08-23 22:45:53 -05,188,15.00,69.20,,,,
2021-08-23 22:59:59 -05,189,15.00,69.30,,,,
2021-08-23 23:00:17 -05,190,14.90,69.30,,,,
2021-08-23 23:00:39 -05,191,14.90,69.30,,,,
2021-08-23 23:00:57 -05,192,14.90,69.30,,,,
2021-08-23 23:14:59 -05,193,14.60,70.10,,,,
2021-08-23 23:15:17 -05,194,14.60,70.00,,,,
2021-08-23 23:15:35 -05,195,14.60,70.00,,,,
2021-08-23 23:15:50 -05,196,14.50,70.10,,,,
2021-08-23 23:29:59 -05,197,14.60,70.90,,,,
2021-08-23 23:30:15 -05,198,14.60,70.90,,,,
2021-08-23 23:30:32 -05,199,14.60,70.80,,,,
2021-08-23 23:30:55 -05,200,14.60,70.70,,,,
2021-08-23 23:44:59 -05,201,14.30,71.10,,,,
2021-08-23 23:45:25 -05,202,14.20,71.30,,,,
2021-08-23 23:45:43 -05,203,14.20,71.30,,,,
2021-08-23 23:45:58 -05,204,14.20,71.40,,,,
2021-08-23 23:59:59 -05,205,14.10,71.10,,,,
2021-08-24 00:00:32 -05,206,14.10,71.40,,,,
2021-08-24 00:00:48 -05,207,14.20,71.50,,,,
2021-08-24 00:14:59 -05,208,13.90,72.60,,,,
2021-08-24 00:15:17 -05,209,13.90,72.60,,,,
2021-08-24 00:15:35 -05,210,13.90,72.50,,,,
2021-08-24 00:15:53 -05,211,13.90,72.50,,,,
2021-08-24 00:29:59 -05,212,13.70,72.50,,,,
2021-08-24 00:30:17 -05,213,13.70,72.60,,,,
2021-08-24 00:30:35 -05,214,13.70,72.60,,,,
2021-08-24 00:30:53 -05,215,13.70,72.70,,,,
2021-08-24 00:44:59 -05,216,13.50,73.40,,,,
2021-08-24 00:45:17 -05,217,13.50,73.60,,,,
2021-08-24 00:45:35 -05,218,13.50,73.60,,,,
2021-08-24 00:45:50 -05,219,13.40,73.60,,,,
2021-08-24 00:59:59 -05,220,13.30,74.60,,,,
2021-08-24 01:00:17 -05,221,13.30,74.60,,,,
2021-08-24 01:00:35 -05,222,13.30,74.70,,,,
2021-08-24 01:00:53 -05,223,13.30,74.60,,,,
2021-08-24 01:14:59 -05,224,12.90,75.40,,,,
2021-08-24 01:15:17 -05,225,12.90,75.40,,,,
2021-08-24 01:15:35 -05,226,12.90,75.50,,,,
2021-08-24 01:15:53 -05,227,12.90,75.50,,,,
2021-08-24 01:29:59 -05,228,12.90,75.90,,,,
2021-08-24 01:30:17 -05,229,12.90,75.80,,,,
2021-08-24 01:30:35 -05,230,12.90,75.90,,,,
2021-08-24 01:30:53 -05,231,12.90,76.00,,,,
2021-08-24 01:44:59 -05,232,12.90,75.70,,,,
2021-08-24 01:45:17 -05,233,12.90,75.80,,,,
2021-08-24 01:45:35 -05,234,12.90,75.90,,,,
2021-08-24 01:45:53 -05,235,12.90,75.90,,,,
2021-08-24 01:59:59 -05,236,12.70,76.40,,,,
2021-08-24 02:00:17 -05,237,12.70,76.30,,,,
2021-08-24 02:00:35 -05,238,12.60,76.10,,,,
2021-08-24 02:00:50 -05,239,12.60,76.20,,,,
2021-08-24 02:14:59 -05,240,12.60,76.60,,,,
2021-08-24 02:15:15 -05,241,12.60,76.60,,,,
2021-08-24 02:15:32 -05,242,12.60,76.60,,,,
2021-08-24 02:15:50 -05,243,12.60,76.60,,,,
2021-08-24 02:29:59 -05,244,12.30,77.70,,,,
2021-08-24 02:30:17 -05,245,12.30,77.80,,,,
2021-08-24 02:30:35 -05,246,12.30,77.90,,,,
2021-08-24 02:30:53 -05,247,12.40,78.00,,,,
2021-08-24 02:44:59 -05,248,12.10,78.60,,,,
2021-08-24 02:45:17 -05,249,12.10,78.60,,,,
2021-08-24 02:45:35 -05,250,12.10,78.70,,,,
2021-08-24 02:45:53 -05,251,12.10,78.60,,,,
2021-08-24 02:59:59 -05,252,12.00,78.30,,,,
2021-08-24 03:00:17 -05,253,12.00,78.20,,,,
2021-08-24 03:00:35 -05,254,11.90,78.40,,,,
2021-08-24 03:00:53 -05,255,11.90,78.50,,,,
2021-08-24 03:14:59 -05,256,11.90,78.40,,,,
2021-08-24 03:15:15 -05,257,11.90,78.50,,,,
2021-08-24 03:15:32 -05,258,11.90,78.60,,,,
2021-08-24 03:15:50 -05,259,11.90,78.60,,,,
2021-08-24 03:29:59 -05,260,11.80,78.40,,,,
2021-08-24 03:30:17 -05,261,11.80,78.40,,,,
2021-08-24 03:30:35 -05,262,11.80,78.40,,,,
2021-08-24 03:30:53 -05,263,11.80,78.60,,,,
2021-08-24 03:44:59 -05,264,11.60,78.30,,,,
2021-08-24 03:45:17 -05,265,11.60,78.40,,,,
2021-08-24 03:45:35 -05,266,11.60,78.50,,,,
2021-08-24 03:45:53 -05,267,11.60,78.30,,,,
2021-08-24 03:59:59 -05,268,11.50,78.60,,,,
2021-08-24 04:00:17 -05,269,11.50,78.60,,,,
2021-08-24 04:00:35 -05,270,11.50,78.70,,,,
2021-08-24 04:00:50 -05,271,11.50,78.60,,,,
2021-08-24 04:14:59 -05,272,11.20,79.10,,,,
2021-08-24 04:15:17 -05,273,11.30,79.20,,,,
2021-08-24 04:15:35 -05,274,11.20,79.30,,,,
2021-08-24 04:15:53 -05,275,11.20,79.50,,,,
2021-08-24 04:29:59 -05,276,11.10,80.40,,,,
2021-08-24 04:30:17 -05,277,11.10,80.40,,,,
2021-08-24 04:30:32 -05,278,11.10,80.30,,,,
2021-08-24 04:30:50 -05,279,11.10,80.40,,,,
2021-08-24 04:44:59 -05,280,10.90,80.20,,,,
2021-08-24 04:45:17 -05,281,10.90,80.20,,,,
2021-08-24 04:45:35 -05,282,10.90,80.30,,,,
2021-08-24 04:45:50 -05,283,10.90,80.50,,,,
2021-08-24 04:59:59 -05,284,10.90,80.70,,,,
2021-08-24 05:00:17 -05,285,10.90,81.00,,,,
2021-08-24 05:00:35 -05,286,10.90,81.20,,,,
2021-08-24 05:00:53 -05,287,10.90,81.00,,,,
2021-08-24 05:14:59 -05,288,10.70,81.10,,,,
2021-08-24 05:15:21 -05,289,10.60,81.00,,,,
2021-08-24 05:15:38 -05,290,10.60,81.10,,,,
2021-08-24 05:15:56 -05,291,10.60,81.20,,,,
2021-08-24 05:29:59 -05,292,10.60,80.40,,,,
2021-08-24 05:30:17 -05,293,10.60,80.60,,,,
2021-08-24 05:30:35 -05,294,10.60,80.80,,,,
2021-08-24 05:30:53 -05,295,10.60,81.00,,,,
2021-08-24 05:44:59 -05,296,10.40,80.90,,,,
2021-08-24 05:45:17 -05,297,10.40,81.10,,,,
2021-08-24 05:45:35 -05,298,10.40,81.00,,,,
2021-08-24 05:45:53 -05,299,10.40,81.20,,,,
2021-08-24 05:59:59 -05,300,10.50,81.70,,,,
2021-08-24 06:00:17 -05,301,10.50,81.70,,,,
2021-08-24 06:00:35 -05,302,10.40,81.60,,,,
2021-08-24 06:00:53 -05,303,10.40,81.50,,,,
2021-08-24 06:14:59 -05,304,10.20,81.40,,,,
2021-08-24 06:15:17 -05,305,10.20,81.40,,,,
2021-08-24 06:15:35 -05,306,10.20,81.70,,,,
2021-08-24 06:15:53 -05,307,10.20,81.90,,,,
2021-08-24 06:29:59 -05,308,10.20,81.70,,,,
2021-08-24 06:30:17 -05,309,10.30,81.90,,,,
2021-08-24 06:30:35 -05,310,10.20,81.90,,,,
2021-08-24 06:30:53 -05,311,10.20,82.00,,,,
2021-08-24 06:44:59 -05,312,10.60,79.40,,,,
2021-08-24 06:45:17 -05,313,10.60,79.40,,,,
2021-08-24 06:45:35 -05,314,10.70,79.50,,,,
2021-08-24 06:45:53 -05,315,10.70,79.60,,,,
2021-08-24 06:59:59 -05,316,11.50,76.30,,,,
2021-08-24 07:00:17 -05,317,11.60,76.10,,,,
2021-08-24 07:00:35 -05,318,11.60,75.90,,,,
2021-08-24 07:00:53 -05,319,11.70,75.80,,,,
2021-08-24 07:14:59 -05,320,15.00,64.30,,,,
2021-08-24 07:15:17 -05,321,15.10,64.00,,,,
2021-08-24 07:15:35 -05,322,15.10,63.70,,,,
2021-08-24 07:15:53 -05,323,15.20,63.40,,,,
2021-08-24 07:29:59 -05,324,17.70,55.10,,,,
2021-08-24 07:30:17 -05,325,17.80,55.10,,,,
2021-08-24 07:30:32 -05,326,17.80,54.90,,,,
2021-08-24 07:30:50 -05,327,17.90,54.80,,,,
2021-08-24 07:44:59 -05,328,19.50,51.60,,,,
2021-08-24 07:45:17 -05,329,19.50,51.60,,,,
2021-08-24 07:45:35 -05,330,19.60,51.30,,,,
2021-08-24 07:45:53 -05,331,19.70,51.40,,,,
2021-08-24 07:59:59 -05,332,22.00,45.70,,,,
2021-08-24 08:00:17 -05,333,22.00,45.60,,,,
2021-08-24 08:00:35 -05,334,22.00,45.50,,,,
2021-08-24 08:00:53 -05,335,22.00,45.60,,,,
2021-08-24 08:14:59 -05,336,23.70,41.50,,,,
2021-08-24 08:15:17 -05,337,23.70,41.70,,,,
2021-08-24 08:15:35 -05,338,23.80,41.70,,,,
2021-08-24 08:15:53 -05,339,23.80,41.80,,,,
2021-08-24 08:29:59 -05,340,24.50,40.10,,,,
2021-08-24 08:30:17 -05,341,24.50,40.10,,,,
2021-08-24 08:30:35 -05,342,24.50,40.10,,,,
2021-08-24 08:30:53 -05,343,24.60,39.70,,,,
2021-08-24 08:44:59 -05,344,25.00,39.30,,,,
2021-08-24 08:45:17 -05,345,24.90,39.10,,,,
2021-08-24 08:45:35 -05,346,24.80,39.20,,,,
2021-08-24 08:45:53 -05,347,24.70,39.60,,,,
2021-08-24 08:59:59 -05,348,23.90,41.30,,,,
2021-08-24 09:00:17 -05,349,23.90,41.20,,,,
2021-08-24 09:00:35 -05,350,24.00,41.20,,,,
2021-08-24 09:00:50 -05,351,24.00,41.10,,,,
2021-08-24 09:14:59 -05,352,22.00,44.60,,,,
2021-08-24 09:15:17 -05,353,22.10,44.70,,,,
2021-08-24 09:15:35 -05,354,22.10,44.70,,,,
2021-08-24 09:15:53 -05,355,22.20,44.60,,,,
2021-08-24 09:29:59 -05,356,21.70,45.20,,,,
2021-08-24 09:30:17 -05,357,21.70,45.40,,,,
2021-08-24 09:30:35 -05,358,21.70,45.60,,,,
2021-08-24 09:30:53 -05,359,21.70,45.60,,,,
2021-08-24 09:44:59 -05,360,21.70,44.50,,,,
2021-08-24 09:45:17 -05,361,21.80,44.60,,,,
2021-08-24 09:45:35 -05,362,21.90,44.80,,,,
2021-08-24 09:45:53 -05,363,22.00,44.80,,,,
2021-08-24 09:59:59 -05,364,23.50,40.90,,,,
2021-08-24 10:00:17 -05,365,23.60,41.00,,,,
2021-08-24 10:00:35 -05,366,23.60,41.40,,,,
2021-08-24 10:00:53 -05,367,23.70,41.20,,,,
2021-08-24 10:14:59 -05,368,24.90,38.70,,,,
2021-08-24 10:15:17 -05,369,25.00,38.80,,,,
2021-08-24 10:15:35 -05,370,25.00,38.80,,,,
2021-08-24 10:15:50 -05,371,25.00,38.70,,,,
2021-08-24 10:29:59 -05,372,25.80,38.30,,,,
2021-08-24 10:30:17 -05,373,25.80,38.00,,,,
2021-08-24 10:30:35 -05,374,25.80,38.00,,,,
2021-08-24 10:30:53 -05,375,25.90,38.30,,,,
2021-08-24 10:44:59 -05,376,26.80,37.80,,,,
2021-08-24 10:45:17 -05,377,26.90,37.80,,,,
2021-08-24 10:45:35 -05,378,26.90,37.40,,,,
2021-08-24 10:45:53 -05,379,27.00,37.70,,,,
2021-08-24 10:59:59 -05,380,27.10,36.80,,,,
2021-08-24 11:00:17 -05,381,27.10,37.10,,,,
2021-08-24 11:00:35 -05,382,27.10,36.80,,,,
2021-08-24 11:00:53 -05,383,27.10,37.00,,,,
2021-08-24 11:14:59 -05,384,26.50,37.70,,,,
2021-08-24 11:15:17 -05,385,26.60,37.90,,,,
2021-08-24 11:15:35 -05,386,26.60,37.90,,,,
2021-08-24 11:15:53 -05,387,26.70,37.90,,,,
2021-08-24 11:29:59 -05,388,28.20,36.50,,,,
2021-08-24 11:30:17 -05,389,28.20,36.30,,,,
2021-08-24 11:30:35 -05,390,28.20,36.40,,,,
2021-08-24 11:30:53 -05,391,28.20,36.10,,,,
2021-08-24 11:44:59 -05,392,28.30,35.50,,,,
2021-08-24 11:45:17 -05,393,28.40,35.70,,,,
2021-08-24 11:45:39 -05,394,28.40,35.80,,,,
2021-08-24 11:45:57 -05,395,28.40,35.60,,,,
2021-08-24 11:59:59 -05,396,28.00,35.50,,,,
2021-08-24 12:00:17 -05,397,28.00,36.10,,,,
2021-08-24 12:00:35 -05,398,28.00,36.10,,,,
2021-08-24 12:00:53 -05,399,28.00,35.60,,,,
2021-08-24 12:14:59 -05,400,27.60,36.20,,,,
2021-08-24 12:15:17 -05,401,27.60,36.10,,,,
2021-08-24 12:15:35 -05,402,27.60,35.90,,,,
2021-08-24 12:15:53 -05,403,27.60,36.00,,,,
2021-08-24 12:29:59 -05,404,27.40,35.50,,,,
2021-08-24 12:30:21 -05,405,27.40,36.00,,,,
2021-08-24 12:30:43 -05,406,27.40,36.00,,,,
2021-08-24 12:44:59 -05,407,26.90,36.20,,,,
2021-08-24 12:45:18 -05,408,26.90,36.40,,,,
2021-08-24 12:45:36 -05,409,26.80,36.30,,,,
2021-08-24 12:45:51 -05,410,26.90,36.30,,,,
2021-08-24 12:59:59 -05,411,27.00,36.10,,,,
2021-08-24 13:00:18 -05,412,27.00,36.10,,,,
2021-08-24 13:00:36 -05,413,27.00,36.10,,,,
2021-08-24 13:00:55 -05,414,27.00,36.00,,,,
2021-08-24 13:14:59 -05,415,27.40,37.70,,,,
2021-08-24 13:15:24 -05,416,27.40,38.00,,,,
2021-08-24 13:15:39 -05,417,27.40,37.80,,,,
2021-08-24 13:15:55 -05,418,27.40,37.60,,,,
2021-08-24 13:29:59 -05,419,26.80,37.10,,,,
2021-08-24 13:30:17 -05,420,26.80,37.00,,,,
2021-08-24 13:30:32 -05,421,26.90,37.10,,,,
2021-08-24 13:30:48 -05,422,26.90,37.10,,,,
2021-08-24 13:44:59 -05,423,26.70,38.00,,,,
2021-08-24 13:45:17 -05,424,26.80,38.30,,,,
2021-08-24 13:45:35 -05,425,26.80,38.60,,,,
2021-08-24 13:45:53 -05,426,26.80,38.40,,,,
2021-08-24 13:59:59 -05,427,26.70,36.70,,,,
2021-08-24 14:00:17 -05,428,26.70,36.80,,,,
2021-08-24 14:00:32 -05,429,26.70,36.90,,,,
2021-08-24 14:00:50 -05,430,26.60,36.80,,,,
2021-08-24 14:14:59 -05,431,26.00,38.00,,,,
2021-08-24 14:15:17 -05,432,26.00,38.00,,,,
2021-08-24 14:15:35 -05,433,26.00,37.60,,,,
2021-08-24 14:15:53 -05,434,26.10,37.70,,,,
2021-08-24 14:29:59 -05,435,26.70,37.80,,,,
2021-08-24 14:30:15 -05,436,26.70,37.90,,,,
2021-08-24 14:30:32 -05,437,26.80,37.40,,,,
2021-08-24 14:30:50 -05,438,26.80,37.40,,,,
2021-08-24 14:44:59 -05,439,27.10,37.20,,,,
2021-08-24 14:45:17 -05,440,27.10,37.10,,,,
2021-08-24 14:45:35 -05,441,27.10,37.40,,,,
2021-08-24 14:45:53 -05,442,27.10,37.10,,,,
2021-08-24 14:59:59 -05,443,26.70,36.30,,,,
2021-08-24 15:00:17 -05,444,26.70,36.50,,,,
2021-08-24 15:00:35 -05,445,26.70,36.50,,,,
2021-08-24 15:00:53 -05,446,26.70,36.50,,,,
2021-08-24 15:14:59 -05,447,27.10,37.40,,,,
2021-08-24 15:15:17 -05,448,27.10,37.60,,,,
2021-08-24 15:15:35 -05,449,27.00,37.40,,,,
2021-08-24 15:15:53 -05,450,27.10,37.60,,,,
2021-08-24 15:29:59 -05,451,27.10,38.50,,,,
2021-08-24 15:30:17 -05,452,27.10,38.30,,,,
2021-08-24 15:30:35 -05,453,27.10,38.30,,,,
2021-08-24 15:30:53 -05,454,27.10,38.00,,,,
2021-08-24 15:44:59 -05,455,27.00,37.10,,,,
2021-08-24 15:45:17 -05,456,27.00,37.20,,,,
2021-08-24 15:45:35 -05,457,27.00,37.20,,,,
2021-08-24 15:45:53 -05,458,27.00,37.20,,,,
2021-08-24 15:59:59 -05,459,27.00,38.60,,,,
2021-08-24 16:00:17 -05,460,27.00,38.60,,,,
2021-08-24 16:00:35 -05,461,27.00,38.40,,,,
2021-08-24 16:00:53 -05,462,27.00,38.30,,,,
2021-08-24 16:14:59 -05,463,26.60,39.20,,,,
2021-08-24 16:15:17 -05,464,26.60,39.10,,,,
2021-08-24 16:15:35 -05,465,26.50,39.30,,,,
2021-08-24 16:15:53 -05,466,26.50,39.00,,,,
2021-08-24 16:29:59 -05,467,26.10,40.90,,,,
2021-08-24 16:30:17 -05,468,26.10,40.80,,,,
2021-08-24 16:30:35 -05,469,26.10,40.80,,,,
2021-08-24 16:30:50 -05,470,26.10,40.90,,,,
2021-08-24 16:44:59 -05,471,25.50,41.30,,,,
2021-08-24 16:45:17 -05,472,25.40,41.10,,,,
2021-08-24 16:45:35 -05,473,25.30,41.40,,,,
2021-08-24 16:45:53 -05,474,25.30,41.50,,,,
2021-08-24 16:59:59 -05,475,24.60,44.00,,,,
2021-08-24 17:00:17 -05,476,24.60,43.90,,,,
2021-08-24 17:00:35 -05,477,24.60,44.00,,,,
2021-08-24 17:00:53 -05,478,24.50,43.90,,,,
2021-08-24 17:14:59 -05,479,24.00,44.60,,,,
2021-08-24 17:15:17 -05,480,24.00,44.70,,,,
2021-08-24 17:15:35 -05,481,24.00,44.80,,,,
2021-08-24 17:15:53 -05,482,24.00,44.80,,,,
2021-08-24 17:29:59 -05,483,23.50,47.10,,,,
2021-08-24 17:30:15 -05,484,23.50,47.20,,,,
2021-08-24 17:30:32 -05,485,23.50,47.40,,,,
2021-08-24 17:30:50 -05,486,23.50,47.40,,,,
2021-08-24 17:44:59 -05,487,23.00,49.00,,,,
2021-08-24 17:45:15 -05,488,23.00,49.10,,,,
2021-08-24 17:45:32 -05,489,23.00,49.10,,,,
2021-08-24 17:45:48 -05,490,23.00,49.20,,,,
2021-08-24 17:59:59 -05,491,22.50,49.90,,,,
2021-08-24 18:00:17 -05,492,22.50,49.80,,,,
2021-08-24 18:00:35 -05,493,22.50,50.10,,,,
2021-08-24 18:00:53 -05,494,22.50,50.10,,,,
2021-08-24 18:14:59 -05,495,22.10,50.80,,,,
2021-08-24 18:15:17 -05,496,22.10,50.80,,,,
2021-08-24 18:15:32 -05,497,22.10,50.70,,,,
2021-08-24 18:15:50 -05,498,22.10,50.80,,,,
2021-08-24 18:29:59 -05,499,21.70,52.50,,,,
2021-08-24 18:30:17 -05,500,21.70,52.60,,,,
2021-08-24 18:30:35 -05,501,21.70,52.40,,,,
2021-08-24 18:30:53 -05,502,21.70,52.60,,,,
2021-08-24 18:44:59 -05,503,21.30,53.40,,,,
2021-08-24 18:45:17 -05,504,21.30,53.40,,,,
2021-08-24 18:45:35 -05,505,21.30,53.60,,,,
2021-08-24 18:45:54 -05,506,21.30,53.60,,,,
2021-08-24 18:59:59 -05,507,21.00,55.00,,,,
2021-08-24 19:00:17 -05,508,21.00,55.00,,,,
2021-08-24 19:00:35 -05,509,21.00,55.00,,,,
2021-08-24 19:00:53 -05,510,21.00,54.90,,,,
2021-08-24 19:14:59 -05,511,20.70,56.60,,,,
2021-08-24 19:15:17 -05,512,20.70,56.80,,,,
2021-08-24 19:15:35 -05,513,20.70,56.70,,,,
2021-08-24 19:15:53 -05,514,20.70,56.60,,,,
2021-08-24 19:29:59 -05,515,20.40,57.70,,,,
2021-08-24 19:30:17 -05,516,20.40,57.50,,,,
2021-08-24 19:30:35 -05,517,20.40,57.70,,,,
2021-08-24 19:30:55 -05,518,20.40,57.70,,,,
2021-08-24 19:44:59 -05,519,20.20,59.30,,,,
2021-08-24 19:45:17 -05,520,20.20,59.30,,,,
2021-08-24 19:45:35 -05,521,20.20,59.20,,,,
2021-08-24 19:45:53 -05,522,20.20,59.40,,,,
2021-08-24 19:59:59 -05,523,20.00,59.90,,,,
2021-08-24 20:00:17 -05,524,20.00,60.00,,,,
2021-08-24 20:00:35 -05,525,20.00,60.30,,,,
2021-08-24 20:00:53 -05,526,20.00,60.60,,,,
2021-08-24 20:14:59 -05,527,20.00,60.40,,,,
2021-08-24 20:15:22 -05,528,20.00,60.60,,,,
2021-08-24 20:15:39 -05,529,19.90,60.50,,,,
2021-08-24 20:15:55 -05,530,20.00,60.60,,,,
2021-08-24 20:29:59 -05,531,19.90,61.40,,,,
2021-08-24 20:30:17 -05,532,19.80,61.30,,,,
2021-08-24 20:30:35 -05,533,19.80,61.50,,,,
2021-08-24 20:30:53 -05,534,19.80,61.60,,,,
2021-08-24 20:44:59 -05,535,19.40,63.00,,,,
2021-08-24 20:45:17 -05,536,19.40,63.20,,,,
2021-08-24 20:45:36 -05,537,19.40,63.40,,,,
2021-08-24 20:45:51 -05,538,19.40,63.30,,,,
2021-08-24 20:59:59 -05,539,19.20,64.30,,,,
2021-08-24 21:00:17 -05,540,19.10,64.30,,,,
2021-08-24 21:00:35 -05,541,19.20,64.40,,,,
2021-08-24 21:00:53 -05,542,19.20,64.40,,,,
2021-08-24 21:14:59 -05,543,19.00,65.20,,,,
2021-08-24 21:15:17 -05,544,18.90,65.40,,,,
2021-08-24 21:15:35 -05,545,18.90,65.40,,,,
2021-08-24 21:15:53 -05,546,18.90,65.40,,,,
2021-08-24 21:29:59 -05,547,18.60,67.10,,,,
2021-08-24 21:30:14 -05,548,18.60,67.20,,,,
2021-08-24 21:30:32 -05,549,18.60,67.20,,,,
2021-08-24 21:30:50 -05,550,18.60,67.40,,,,
2021-08-24 21:44:59 -05,551,18.20,70.90,,,,
2021-08-24 21:45:17 -05,552,18.20,71.00,,,,
2021-08-24 21:45:35 -05,553,18.20,71.10,,,,
2021-08-24 21:45:55 -05,554,18.20,71.10,,,,
2021-08-24 21:59:59 -05,555,18.30,71.70,,,,
2021-08-24 22:00:17 -05,556,18.30,71.70,,,,
2021-08-24 22:00:35 -05,557,18.20,71.80,,,,
2021-08-24 22:00:57 -05,558,18.30,71.80,,,,
2021-08-24 22:14:59 -05,559,18.10,71.20,,,,
2021-08-24 22:15:18 -05,560,18.10,71.50,,,,
2021-08-24 22:15:36 -05,561,18.00,71.60,,,,
2021-08-24 22:15:56 -05,562,18.00,71.90,,,,
2021-08-24 22:29:59 -05,563,18.10,71.60,,,,
2021-08-24 22:30:18 -05,564,18.10,71.50,,,,
2021-08-24 22:30:36 -05,565,18.20,71.70,,,,
2021-08-24 22:30:54 -05,566,18.10,71.50,,,,
2021-08-24 22:44:59 -05,567,18.10,71.20,,,,
2021-08-24 22:45:18 -05,568,18.10,71.20,,,,
2021-08-24 22:45:36 -05,569,18.10,71.10,,,,
2021-08-24 22:45:54 -05,570,18.10,71.20,,,,
2021-08-24 22:59:59 -05,571,18.20,72.00,,,,
2021-08-24 23:00:17 -05,572,18.20,71.90,,,,
2021-08-24 23:00:35 -05,573,18.20,71.80,,,,
2021-08-24 23:00:53 -05,574,18.20,71.90,,,,
2021-08-24 23:14:59 -05,575,18.10,72.40,,,,
2021-08-24 23:15:17 -05,576,18.20,72.60,,,,
2021-08-24 23:15:35 -05,577,18.20,72.60,,,,
2021-08-24 23:15:53 -05,578,18.10,72.60,,,,
2021-08-24 23:29:59 -05,579,18.20,72.00,,,,
2021-08-24 23:30:17 -05,580,18.20,71.90,,,,
2021-08-24 23:30:38 -05,581,18.20,72.00,,,,
2021-08-24 23:30:56 -05,582,18.20,72.10,,,,
2021-08-24 23:44:59 -05,583,18.00,69.80,,,,
2021-08-24 23:45:17 -05,584,18.10,70.00,,,,
2021-08-24 23:45:36 -05,585,18.00,69.90,,,,
2021-08-24 23:45:54 -05,586,18.00,69.60,,,,
2021-08-24 23:59:59 -05,587,18.00,68.00,,,,
2021-08-25 00:00:17 -05,588,18.00,67.90,,,,
2021-08-25 00:00:35 -05,589,18.00,68.10,,,,
2021-08-25 00:14:59 -05,590,17.80,68.20,,,,
2021-08-25 00:15:18 -05,591,17.80,68.10,,,,
2021-08-25 00:15:36 -05,592,17.80,68.10,,,,
2021-08-25 00:15:54 -05,593,17.80,68.00,,,,
2021-08-25 00:29:59 -05,594,17.40,68.70,,,,
2021-08-25 00:30:17 -05,595,17.50,68.80,,,,
2021-08-25 00:30:35 -05,596,17.40,69.00,,,,
2021-08-25 00:30:53 -05,597,17.40,69.10,,,,
2021-08-25 00:44:59 -05,598,17.30,68.30,,,,
2021-08-25 00:45:17 -05,599,17.30,68.50,,,,
2021-08-25 00:45:35 -05,600,17.30,68.50,,,,
2021-08-25 00:45:53 -05,601,17.30,68.50,,,,
2021-08-25 00:59:59 -05,602,17.30,71.70,,,,
2021-08-25 01:00:18 -05,603,17.30,70.90,,,,
2021-08-25 01:00:36 -05,604,17.30,70.00,,,,
2021-08-25 01:00:54 -05,605,17.30,70.40,,,,
2021-08-25 01:14:59 -05,606,17.10,76.90,,,,
2021-08-25 01:15:29 -05,607,17.10,76.30,,,,
2021-08-25 01:15:47 -05,608,17.00,76.10,,,,
2021-08-25 01:29:59 -05,609,16.70,78.20,,,,
2021-08-25 01:30:17 -05,610,16.70,77.60,,,,
2021-08-25 01:30:35 -05,611,16.80,77.90,,,,
2021-08-25 01:44:59 -05,612,16.70,78.90,,,,
2021-08-25 01:45:17 -05,613,16.70,78.90,,,,
2021-08-25 01:45:35 -05,614,16.70,80.20,,,,
2021-08-25 01:45:54 -05,615,16.60,77.60,,,,
2021-08-25 01:59:59 -05,616,16.30,79.90,,,,
2021-08-25 02:00:17 -05,617,16.30,80.30,,,,
2021-08-25 02:00:32 -05,618,16.30,81.20,,,,
2021-08-25 02:00:50 -05,619,16.30,81.60,,,,
2021-08-25 02:14:59 -05,620,16.10,83.90,,,,
2021-08-25 02:15:14 -05,621,16.10,83.40,,,,
2021-08-25 02:15:32 -05,622,16.10,83.70,,,,
2021-08-25 02:15:50 -05,623,16.10,84.10,,,,
2021-08-25 02:29:59 -05,624,15.80,86.20,,,,
2021-08-25 02:30:17 -05,625,15.80,85.80,,,,
2021-08-25 02:30:35 -05,626,15.80,85.30,,,,
2021-08-25 02:30:53 -05,627,15.80,85.50,,,,
2021-08-25 02:44:59 -05,628,15.60,87.00,,,,
2021-08-25 02:45:17 -05,629,15.60,88.50,,,,
2021-08-25 02:45:35 -05,630,15.60,89.20,,,,
2021-08-25 02:45:53 -05,631,15.60,89.80,,,,
2021-08-25 02:59:59 -05,632,15.50,90.00,,,,
2021-08-25 03:00:17 -05,633,15.50,89.90,,,,
2021-08-25 03:00:35 -05,634,15.50,88.90,,,,
2021-08-25 03:00:53 -05,635,15.50,88.80,,,,
2021-08-25 03:14:59 -05,636,15.00,90.10,,,,
2021-08-25 03:15:17 -05,637,15.00,90.10,,,,
2021-08-25 03:15:35 -05,638,14.90,91.20,,,,
2021-08-25 03:15:54 -05,639,15.00,90.90,,,,
2021-08-25 03:29:59 -05,640,14.70,92.60,,,,
2021-08-25 03:30:17 -05,641,14.60,92.20,,,,
2021-08-25 03:30:35 -05,642,14.70,92.60,,,,
2021-08-25 03:30:53 -05,643,14.70,92.30,,,,
2021-08-25 03:44:59 -05,644,14.50,91.80,,,,
2021-08-25 03:45:17 -05,645,14.60,92.00,,,,
2021-08-25 03:45:35 -05,646,14.60,92.20,,,,
2021-08-25 03:45:53 -05,647,14.60,91.70,,,,
2021-08-25 03:59:59 -05,648,14.50,90.10,,,,
2021-08-25 04:00:17 -05,649,14.60,90.50,,,,
2021-08-25 04:00:35 -05,650,14.50,89.80,,,,
2021-08-25 04:00:54 -05,651,14.50,89.50,,,,
2021-08-25 04:14:59 -05,652,14.50,90.60,,,,
2021-08-25 04:15:17 -05,653,14.50,90.30,,,,
2021-08-25 04:15:35 -05,654,14.50,90.50,,,,
2021-08-25 04:15:53 -05,655,14.60,90.40,,,,
2021-08-25 04:29:59 -05,656,14.80,91.80,,,,
2021-08-25 04:30:17 -05,657,14.80,91.70,,,,
2021-08-25 04:30:35 -05,658,14.80,91.70,,,,
2021-08-25 04:30:50 -05,659,14.80,90.90,,,,
2021-08-25 04:44:59 -05,660,14.50,91.40,,,,
2021-08-25 04:45:17 -05,661,14.50,91.70,,,,
2021-08-25 04:45:35 -05,662,14.50,91.60,,,,
2021-08-25 04:45:53 -05,663,14.50,91.70,,,,
2021-08-25 04:59:59 -05,664,14.40,92.70,,,,
2021-08-25 05:00:17 -05,665,14.40,92.60,,,,
2021-08-25 05:00:35 -05,666,14.40,92.60,,,,
2021-08-25 05:00:53 -05,667,14.40,92.40,,,,
2021-08-25 05:14:59 -05,668,14.50,92.60,,,,
2021-08-25 05:15:17 -05,669,14.50,92.30,,,,
2021-08-25 05:15:35 -05,670,14.50,92.70,,,,
2021-08-25 05:15:53 -05,671,14.50,92.70,,,,
2021-08-25 05:29:59 -05,672,14.40,93.20,,,,
2021-08-25 05:30:17 -05,673,14.50,93.50,,,,
2021-08-25 05:30:38 -05,674,14.50,93.40,,,,
2021-08-25 05:30:56 -05,675,14.50,93.50,,,,
2021-08-25 05:44:59 -05,676,14.20,92.80,,,,
2021-08-25 05:45:17 -05,677,14.20,92.20,,,,
2021-08-25 05:45:35 -05,678,14.20,92.30,,,,
2021-08-25 05:45:53 -05,679,14.20,92.50,,,,
2021-08-25 05:59:59 -05,680,14.20,93.60,,,,
2021-08-25 06:00:17 -05,681,14.30,93.30,,,,
2021-08-25 06:00:35 -05,682,14.30,92.80,,,,
2021-08-25 06:00:53 -05,683,14.30,92.80,,,,
2021-08-25 06:14:59 -05,684,14.30,92.70,,,,
2021-08-25 06:15:17 -05,685,14.30,92.20,,,,
2021-08-25 06:15:35 -05,686,14.20,92.40,,,,
2021-08-25 06:15:53 -05,687,14.20,91.40,,,,
2021-08-25 06:29:59 -05,688,14.20,92.30,,,,
2021-08-25 06:30:17 -05,689,14.10,92.20,,,,
2021-08-25 06:30:35 -05,690,14.10,92.30,,,,
2021-08-25 06:44:59 -05,691,14.40,92.10,,,,
2021-08-25 06:45:17 -05,692,14.40,92.00,,,,
2021-08-25 06:45:35 -05,693,14.40,91.90,,,,
2021-08-25 06:45:53 -05,694,14.40,92.00,,,,
2021-08-25 06:59:59 -05,695,14.90,90.00,,,,
2021-08-25 07:00:17 -05,696,14.90,90.00,,,,
2021-08-25 07:00:36 -05,697,14.90,89.30,,,,
2021-08-25 07:00:54 -05,698,15.00,89.10,,,,
2021-08-25 07:14:59 -05,699,15.30,85.80,,,,
2021-08-25 07:15:17 -05,700,15.30,83.40,,,,
2021-08-25 07:15:35 -05,701,15.30,85.00,,,,
2021-08-25 07:15:53 -05,702,15.30,85.10,,,,
2021-08-25 07:29:59 -05,703,15.20,86.90,,,,
2021-08-25 07:30:17 -05,704,15.20,87.70,,,,
2021-08-25 07:30:35 -05,705,15.20,87.00,,,,
2021-08-25 07:30:53 -05,706,15.20,87.10,,,,
2021-08-25 07:44:59 -05,707,15.50,84.40,,,,
2021-08-25 07:45:17 -05,708,15.50,84.70,,,,
2021-08-25 07:45:35 -05,709,15.50,85.70,,,,
2021-08-25 07:45:56 -05,710,15.50,85.50,,,,
2021-08-25 07:59:59 -05,711,16.20,79.00,,,,
2021-08-25 08:00:17 -05,712,16.20,79.00,,,,
2021-08-25 08:00:32 -05,713,16.20,79.30,,,,
2021-08-25 08:00:50 -05,714,16.20,79.10,,,,
2021-08-25 08:14:59 -05,715,16.80,76.70,,,,
2021-08-25 08:15:17 -05,716,16.80,76.40,,,,
2021-08-25 08:15:35 -05,717,16.80,76.60,,,,
2021-08-25 08:15:53 -05,718,16.90,76.80,,,,
2021-08-25 08:29:59 -05,719,17.90,71.40,,,,
2021-08-25 08:30:17 -05,720,17.90,71.50,,,,
2021-08-25 08:30:32 -05,721,17.90,71.50,,,,
2021-08-25 08:30:50 -05,722,17.90,71.90,,,,
2021-08-25 08:44:59 -05,723,18.70,68.60,,,,
2021-08-25 08:45:17 -05,724,18.70,69.00,,,,
2021-08-25 08:45:32 -05,725,18.70,68.90,,,,
2021-08-25 08:45:47 -05,726,18.70,68.50,,,,
2021-08-25 08:59:59 -05,727,18.20,66.30,,,,
2021-08-25 09:00:14 -05,728,18.20,66.40,,,,
2021-08-25 09:00:30 -05,729,18.10,66.30,,,,
2021-08-25 09:00:48 -05,730,18.10,67.20,,,,
2021-08-25 09:14:59 -05,731,18.80,67.10,,,,
2021-08-25 09:15:17 -05,732,18.80,67.10,,,,
2021-08-25 09:15:35 -05,733,18.80,66.10,,,,
2021-08-25 09:15:53 -05,734,18.80,67.10,,,,
2021-08-25 09:29:59 -05,735,20.20,59.50,,,,
2021-08-25 09:30:17 -05,736,20.30,59.70,,,,
2021-08-25 09:30:35 -05,737,20.40,59.90,,,,
2021-08-25 09:30:53 -05,738,20.50,60.00,,,,
2021-08-25 09:44:59 -05,739,21.10,55.10,,,,
2021-08-25 09:45:17 -05,740,21.10,55.80,,,,
2021-08-25 09:45:35 -05,741,21.20,55.30,,,,
2021-08-25 09:45:53 -05,742,21.20,55.30,,,,
2021-08-25 09:59:59 -05,743,20.70,57.70,,,,
2021-08-25 10:00:17 -05,744,20.80,57.60,,,,
2021-08-25 10:00:35 -05,745,20.80,57.90,,,,
2021-08-25 10:00:53 -05,746,20.80,58.10,,,,
2021-08-25 10:14:59 -05,747,21.40,54.40,,,,
2021-08-25 10:15:17 -05,748,21.40,54.30,,,,
2021-08-25 10:15:35 -05,749,21.50,54.30,,,,
2021-08-25 10:15:57 -05,750,21.60,53.90,,,,
2021-08-25 10:29:59 -05,751,21.60,52.80,,,,
2021-08-25 10:30:17 -05,752,21.60,52.80,,,,
2021-08-25 10:30:35 -05,753,21.60,53.20,,,,
2021-08-25 10:30:53 -05,754,21.60,53.80,,,,
2021-08-25 10:44:59 -05,755,22.00,53.90,,,,
2021-08-25 10:45:17 -05,756,22.00,53.70,,,,
2021-08-25 10:45:35 -05,757,21.90,53.60,,,,
2021-08-25 10:45:53 -05,758,21.90,53.60,,,,
2021-08-25 10:59:59 -05,759,21.10,55.60,,,,
2021-08-25 11:00:17 -05,760,21.10,55.70,,,,
2021-08-25 11:00:35 -05,761,21.10,55.20,,,,
2021-08-25 11:00:53 -05,762,21.10,55.80,,,,
2021-08-25 11:14:59 -05,763,21.90,54.20,,,,
2021-08-25 11:15:17 -05,764,21.90,54.50,,,,
2021-08-25 11:15:35 -05,765,21.90,54.50,,,,
2021-08-25 11:15:57 -05,766,21.80,54.20,,,,
2021-08-25 11:29:59 -05,767,21.90,55.50,,,,
2021-08-25 11:30:17 -05,768,21.90,55.90,,,,
2021-08-25 11:30:35 -05,769,21.90,55.70,,,,
2021-08-25 11:30:53 -05,770,21.90,55.80,,,,
2021-08-25 11:44:59 -05,771,22.80,53.50,,,,
2021-08-25 11:45:17 -05,772,22.90,53.70,,,,
2021-08-25 11:45:35 -05,773,22.90,53.90,,,,
2021-08-25 11:45:53 -05,774,22.90,53.90,,,,
2021-08-25 11:59:59 -05,775,23.30,51.50,,,,
2021-08-25 12:00:17 -05,776,23.30,51.40,,,,
2021-08-25 12:00:35 -05,777,23.20,51.40,,,,
2021-08-25 12:00:53 -05,778,23.20,52.30,,,,
2021-08-25 12:14:59 -05,779,23.70,50.50,,,,
2021-08-25 12:15:18 -05,780,23.70,50.40,,,,
2021-08-25 12:15:36 -05,781,23.70,50.30,,,,
2021-08-25 12:15:56 -05,782,23.70,50.40,,,,
2021-08-25 12:29:59 -05,783,24.10,47.50,,,,
2021-08-25 12:30:14 -05,784,24.10,47.50,,,,
2021-08-25 12:30:32 -05,785,24.20,47.60,,,,
2021-08-25 12:30:50 -05,786,24.20,48.10,,,,
2021-08-25 12:44:59 -05,787,25.10,45.30,,,,
2021-08-25 12:45:17 -05,788,25.20,46.00,,,,
2021-08-25 12:45:35 -05,789,25.20,46.10,,,,
2021-08-25 12:45:53 -05,790,25.20,46.00,,,,
2021-08-25 12:59:59 -05,791,25.10,45.50,,,,
2021-08-25 13:00:17 -05,792,25.00,45.90,,,,
2021-08-25 13:00:35 -05,793,25.00,45.10,,,,
2021-08-25 13:00:56 -05,794,25.00,45.60,,,,
2021-08-25 13:14:59 -05,795,24.70,45.20,,,,
2021-08-25 13:15:17 -05,796,24.70,45.10,,,,
2021-08-25 13:15:32 -05,797,24.70,45.10,,,,
2021-08-25 13:15:50 -05,798,24.70,45.30,,,,
2021-08-25 13:29:59 -05,799,24.80,43.30,,,,
2021-08-25 13:30:17 -05,800,24.80,42.80,,,,
2021-08-25 13:30:35 -05,801,24.80,42.60,,,,
2021-08-25 13:30:53 -05,802,24.80,42.60,,,,
2021-08-25 13:44:59 -05,803,25.50,42.20,,,,
2021-08-25 13:45:17 -05,804,25.50,42.10,,,,
2021-08-25 13:45:35 -05,805,25.50,42.00,,,,
2021-08-25 13:45:53 -05,806,25.40,42.30,,,,
2021-08-25 13:59:59 -05,807,25.80,41.60,,,,
2021-08-25 14:00:17 -05,808,25.80,41.70,,,,
2021-08-25 14:00:35 -05,809,25.80,41.70,,,,
2021-08-25 14:00:53 -05,810,25.80,41.70,,,,
2021-08-25 14:14:59 -05,811,25.80,42.20,,,,
2021-08-25 14:15:18 -05,812,25.80,42.00,,,,
2021-08-25 14:15:36 -05,813,25.70,41.50,,,,
2021-08-25 14:15:54 -05,814,25.80,41.70,,,,
2021-08-25 14:29:59 -05,815,25.60,41.70,,,,
2021-08-25 14:30:17 -05,816,25.50,41.70,,,,
2021-08-25 14:30:35 -05,817,25.50,41.70,,,,
2021-08-25 14:30:53 -05,818,25.50,41.90,,,,
2021-08-25 14:44:59 -05,819,25.30,43.90,,,,
2021-08-25 14:45:17 -05,820,25.30,43.80,,,,
2021-08-25 14:45:35 -05,821,25.30,43.80,,,,
2021-08-25 14:45:56 -05,822,25.20,44.00,,,,
2021-08-25 14:59:59 -05,823,25.10,42.70,,,,
2021-08-25 15:00:17 -05,824,25.10,43.10,,,,
2021-08-25 15:00:39 -05,825,25.00,43.30,,,,
2021-08-25 15:00:57 -05,826,24.90,43.50,,,,
2021-08-25 15:15:00 -05,827,24.60,44.20,,,,
2021-08-25 15:15:23 -05,828,24.60,44.00,,,,
2021-08-25 15:15:40 -05,829,24.60,44.20,,,,
2021-08-25 15:29:59 -05,830,24.00,45.50,,,,
2021-08-25 15:30:17 -05,831,24.00,45.80,,,,
2021-08-25 15:30:35 -05,832,24.00,46.00,,,,
2021-08-25 15:30:57 -05,833,24.00,45.90,,,,
2021-08-25 15:44:59 -05,834,24.30,46.20,,,,
2021-08-25 15:45:17 -05,835,24.30,46.40,,,,
2021-08-25 15:45:32 -05,836,24.30,46.40,,,,
2021-08-25 15:45:54 -05,837,24.30,46.30,,,,
2021-08-25 15:59:59 -05,838,24.10,45.60,,,,
2021-08-25 16:00:23 -05,839,24.00,45.40,,,,
2021-08-25 16:00:40 -05,840,24.00,45.60,,,,
2021-08-25 16:00:58 -05,841,23.90,45.80,,,,
2021-08-25 16:14:59 -05,842,23.50,46.90,,,,
2021-08-25 16:15:18 -05,843,23.50,47.20,,,,
2021-08-25 16:15:40 -05,844,23.50,47.20,,,,
2021-08-25 16:15:56 -05,845,23.50,47.20,,,,
2021-08-25 16:29:59 -05,846,23.70,47.30,,,,
2021-08-25 16:30:22 -05,847,23.70,47.60,,,,
2021-08-25 16:30:58 -05,848,23.70,47.40,,,,
2021-08-25 16:44:59 -05,849,23.70,47.70,,,,
2021-08-25 16:45:26 -05,850,23.70,47.10,,,,
2021-08-25 16:45:41 -05,851,23.80,47.40,,,,
2021-08-25 16:45:57 -05,852,23.70,47.30,,,,
2021-08-25 16:59:59 -05,853,23.50,47.50,,,,
2021-08-25 17:00:22 -05,854,23.50,47.40,,,,
2021-08-25 17:00:39 -05,855,23.40,47.60,,,,
2021-08-25 17:00:57 -05,856,23.40,47.70,,,,
2021-08-25 17:14:59 -05,857,22.60,50.20,,,,
2021-08-25 17:15:25 -05,858,22.60,50.30,,,,
2021-08-25 17:15:43 -05,859,22.60,50.30,,,,
2021-08-25 17:15:58 -05,860,22.60,50.30,,,,
2021-08-25 17:29:59 -05,861,22.10,51.20,,,,
2021-08-25 17:30:28 -05,862,22.00,51.20,,,,
2021-08-25 17:30:45 -05,863,22.00,51.10,,,,
2021-08-25 17:44:59 -05,864,21.50,52.90,,,,
2021-08-25 17:45:17 -05,865,21.40,52.60,,,,
2021-08-25 17:45:35 -05,866,21.40,52.50,,,,
2021-08-25 17:45:56 -05,867,21.40,52.60,,,,
2021-08-25 17:59:59 -05,868,21.10,54.00,,,,
2021-08-25 18:00:14 -05,869,21.10,53.90,,,,
2021-08-25 18:00:32 -05,870,21.10,54.10,,,,
2021-08-25 18:00:50 -05,871,21.10,54.20,,,,
2021-08-25 18:14:59 -05,872,20.70,54.50,,,,
2021-08-25 18:15:17 -05,873,20.60,54.20,,,,
2021-08-25 18:15:35 -05,874,20.60,54.10,,,,
2021-08-25 18:15:57 -05,875,20.60,54.30,,,,
2021-08-25 18:29:59 -05,876,20.50,55.30,,,,
2021-08-25 18:30:14 -05,877,20.40,55.20,,,,
2021-08-25 18:30:32 -05,878,20.50,55.30,,,,
2021-08-25 18:30:50 -05,879,20.40,55.20,,,,
2021-08-25 18:44:59 -05,880,20.20,56.60,,,,
2021-08-25 18:45:14 -05,881,20.20,56.80,,,,
2021-08-25 18:45:32 -05,882,20.20,56.60,,,,
2021-08-25 18:45:50 -05,883,20.20,56.80,,,,
2021-08-25 18:59:59 -05,884,20.00,57.80,,,,
2021-08-25 19:00:17 -05,885,20.00,58.00,,,,
2021-08-25 19:00:35 -05,886,20.00,57.80,,,,
2021-08-25 19:00:52 -05,887,20.00,57.80,,,,
2021-08-25 19:14:59 -05,888,19.90,58.20,,,,
2021-08-25 19:15:17 -05,889,19.90,58.30,,,,
2021-08-25 19:15:35 -05,890,19.90,58.40,,,,
2021-08-25 19:15:53 -05,891,19.90,58.30,,,,
2021-08-25 19:29:59 -05,892,19.50,59.50,,,,
2021-08-25 19:30:14 -05,893,19.50,59.50,,,,
2021-08-25 19:30:32 -05,894,19.50,59.50,,,,
2021-08-25 19:30:51 -05,895,19.60,59.60,,,,
2021-08-25 19:44:59 -05,896,19.20,61.20,,,,
2021-08-25 19:45:17 -05,897,19.20,61.10,,,,
2021-08-25 19:45:36 -05,898,19.20,61.30,,,,
2021-08-25 19:45:51 -05,899,19.20,61.50,,,,
2021-08-25 19:59:59 -05,900,18.70,64.40,,,,
2021-08-25 20:00:14 -05,901,18.70,64.50,,,,
2021-08-25 20:00:30 -05,902,18.70,64.40,,,,
2021-08-25 20:00:45 -05,903,18.70,64.60,,,,
2021-08-25 20:14:59 -05,904,18.40,66.20,,,,
2021-08-25 20:15:17 -05,905,18.40,66.10,,,,
2021-08-25 20:15:35 -05,906,18.40,66.00,,,,
2021-08-25 20:15:57 -05,907,18.40,66.10,,,,
2021-08-25 20:29:59 -05,908,18.10,66.50,,,,
2021-08-25 20:30:17 -05,909,18.10,66.50,,,,
2021-08-25 20:30:35 -05,910,18.10,66.50,,,,
2021-08-25 20:30:50 -05,911,18.10,66.50,,,,
2021-08-25 20:44:59 -05,912,17.80,67.10,,,,
2021-08-25 20:45:14 -05,913,17.80,67.10,,,,
2021-08-25 20:45:30 -05,914,17.80,67.30,,,,
2021-08-25 20:45:47 -05,915,17.80,67.50,,,,
2021-08-25 20:59:59 -05,916,17.50,70.00,,,,
2021-08-25 21:00:22 -05,917,17.50,70.10,,,,
2021-08-25 21:00:39 -05,918,17.50,70.10,,,,
2021-08-25 21:00:57 -05,919,17.50,70.40,,,,
2021-08-25 21:14:59 -05,920,17.10,71.00,,,,
2021-08-25 21:15:18 -05,921,17.10,71.10,,,,
2021-08-25 21:15:36 -05,922,17.10,71.20,,,,
2021-08-25 21:15:54 -05,923,17.10,71.40,,,,
2021-08-25 21:29:59 -05,924,17.10,72.40,,,,
2021-08-25 21:30:17 -05,925,17.10,72.50,,,,
2021-08-25 21:30:35 -05,926,17.20,72.50,,,,
2021-08-25 21:30:52 -05,927,17.10,72.40,,,,
2021-08-25 21:44:59 -05,928,16.90,70.90,,,,
2021-08-25 21:45:18 -05,929,16.90,70.80,,,,
2021-08-25 21:45:36 -05,930,16.90,70.60,,,,
2021-08-25 21:45:54 -05,931,16.90,70.50,,,,
2021-08-25 21:59:59 -05,932,16.80,70.60,,,,
2021-08-25 22:00:26 -05,933,16.80,70.90,,,,
2021-08-25 22:00:41 -05,934,16.80,70.90,,,,
2021-08-25 22:00:56 -05,935,16.80,70.90,,,,
2021-08-25 22:14:59 -05,936,16.60,75.60,,,,
2021-08-25 22:15:17 -05,937,16.60,75.80,,,,
2021-08-25 22:15:32 -05,938,16.70,76.00,,,,
2021-08-25 22:15:48 -05,939,16.70,75.80,,,,
2021-08-25 22:29:59 -05,940,16.50,73.40,,,,
2021-08-25 22:30:17 -05,941,16.50,73.50,,,,
2021-08-25 22:30:32 -05,942,16.50,73.50,,,,
2021-08-25 22:30:47 -05,943,16.50,73.70,,,,
2021-08-25 22:44:59 -05,944,16.20,79.00,,,,
2021-08-25 22:45:14 -05,945,16.10,79.00,,,,
2021-08-25 22:45:32 -05,946,16.10,79.20,,,,
2021-08-25 22:45:47 -05,947,16.10,79.30,,,,
2021-08-25 22:59:59 -05,948,16.10,77.00,,,,
2021-08-25 23:00:17 -05,949,16.10,76.90,,,,
2021-08-25 23:00:35 -05,950,16.10,76.80,,,,
2021-08-25 23:00:52 -05,951,16.10,76.90,,,,
2021-08-25 23:14:59 -05,952,15.90,77.30,,,,
2021-08-25 23:15:17 -05,953,15.90,77.50,,,,
2021-08-25 23:15:35 -05,954,15.90,77.80,,,,
2021-08-25 23:15:52 -05,955,15.90,77.90,,,,
2021-08-25 23:29:59 -05,956,15.90,81.40,,,,
2021-08-25 23:30:32 -05,957,15.90,81.60,,,,
2021-08-25 23:30:47 -05,958,15.90,81.60,,,,
2021-08-25 23:44:59 -05,959,15.60,83.60,,,,
2021-08-25 23:45:17 -05,960,15.50,83.80,,,,
2021-08-25 23:45:35 -05,961,15.50,83.80,,,,
2021-08-25 23:45:53 -05,962,15.50,83.70,,,,
2021-08-25 23:59:59 -05,963,15.50,82.60,,,,
2021-08-26 00:00:17 -05,964,15.50,82.40,,,,
2021-08-26 00:00:35 -05,965,15.50,82.30,,,,
2021-08-26 00:00:52 -05,966,15.50,82.20,,,,
2021-08-26 00:14:59 -05,967,15.40,79.80,,,,
2021-08-26 00:15:17 -05,968,15.40,79.80,,,,
2021-08-26 00:15:35 -05,969,15.40,79.80,,,,
2021-08-26 00:15:52 -05,970,15.40,79.80,,,,
2021-08-26 00:29:59 -05,971,15.40,79.50,,,,
2021-08-26 00:30:17 -05,972,15.40,79.50,,,,
2021-08-26 00:30:35 -05,973,15.40,79.60,,,,
2021-08-26 00:30:52 -05,974,15.40,79.60,,,,
2021-08-26 00:44:59 -05,975,15.20,83.20,,,,
2021-08-26 00:45:17 -05,976,15.20,83.60,,,,
2021-08-26 00:45:35 -05,977,15.20,83.60,,,,
2021-08-26 00:45:52 -05,978,15.30,83.80,,,,
2021-08-26 00:59:59 -05,979,15.20,85.20,,,,
2021-08-26 01:00:17 -05,980,15.10,85.50,,,,
2021-08-26 01:00:35 -05,981,15.20,86.10,,,,
2021-08-26 01:00:52 -05,982,15.20,86.00,,,,
2021-08-26 01:14:59 -05,983,15.20,84.70,,,,
2021-08-26 01:15:17 -05,984,15.20,84.70,,,,
2021-08-26 01:15:35 -05,985,15.20,84.50,,,,
2021-08-26 01:15:52 -05,986,15.20,84.60,,,,
2021-08-26 01:29:59 -05,987,15.20,83.60,,,,
2021-08-26 01:30:17 -05,988,15.30,83.80,,,,
2021-08-26 01:30:35 -05,989,15.20,83.90,,,,
2021-08-26 01:30:52 -05,990,15.20,84.10,,,,
2021-08-26 01:44:59 -05,991,15.00,85.30,,,,
2021-08-26 01:45:17 -05,992,15.00,85.60,,,,
2021-08-26 01:45:35 -05,993,15.00,85.60,,,,
2021-08-26 01:45:52 -05,994,15.00,85.50,,,,
2021-08-26 01:59:59 -05,995,15.00,85.60,,,,
2021-08-26 02:00:17 -05,996,15.10,86.00,,,,
2021-08-26 02:00:35 -05,997,15.00,85.90,,,,
2021-08-26 02:00:52 -05,998,15.00,86.00,,,,
2021-08-26 02:14:59 -05,999,15.00,85.10,,,,
2021-08-26 02:15:17 -05,1000,15.00,85.10,,,,
2021-08-26 02:15:35 -05,1001,15.00,85.20,,,,
2021-08-26 02:15:52 -05,1002,15.00,85.30,,,,
2021-08-26 02:29:59 -05,1003,15.00,88.00,,,,
2021-08-26 02:30:17 -05,1004,15.00,88.00,,,,
2021-08-26 02:30:35 -05,1005,15.00,88.20,,,,
2021-08-26 02:30:52 -05,1006,15.00,88.10,,,,
2021-08-26 02:44:59 -05,1007,14.80,87.90,,,,
2021-08-26 02:45:17 -05,1008,14.80,87.90,,,,
2021-08-26 02:45:35 -05,1009,14.80,87.80,,,,
2021-08-26 02:45:52 -05,1010,14.80,87.90,,,,
2021-08-26 02:59:59 -05,1011,14.70,88.30,,,,
2021-08-26 03:00:17 -05,1012,14.70,88.50,,,,
2021-08-26 03:00:35 -05,1013,14.60,88.50,,,,
2021-08-26 03:00:52 -05,1014,14.60,88.50,,,,
2021-08-26 03:14:59 -05,1015,14.60,87.70,,,,
2021-08-26 03:15:17 -05,1016,14.60,88.00,,,,
2021-08-26 03:15:35 -05,1017,14.60,88.20,,,,
2021-08-26 03:15:52 -05,1018,14.60,88.40,,,,
2021-08-26 03:29:59 -05,1019,14.50,87.00,,,,
2021-08-26 03:30:25 -05,1020,14.50,87.20,,,,
2021-08-26 03:30:43 -05,1021,14.50,87.10,,,,
2021-08-26 03:44:59 -05,1022,14.30,87.10,,,,
2021-08-26 03:45:17 -05,1023,14.30,87.30,,,,
2021-08-26 03:45:35 -05,1024,14.30,87.20,,,,
2021-08-26 03:45:52 -05,1025,14.30,87.20,,,,
2021-08-26 03:59:59 -05,1026,14.20,86.00,,,,
2021-08-26 04:00:17 -05,1027,14.10,86.20,,,,
2021-08-26 04:00:35 -05,1028,14.10,86.50,,,,
2021-08-26 04:00:52 -05,1029,14.10,86.60,,,,
2021-08-26 04:14:59 -05,1030,13.90,87.60,,,,
2021-08-26 04:15:17 -05,1031,13.90,87.90,,,,
2021-08-26 04:15:35 -05,1032,13.90,88.20,,,,
2021-08-26 04:15:52 -05,1033,13.90,88.30,,,,
2021-08-26 04:29:59 -05,1034,13.80,87.10,,,,
2021-08-26 04:30:17 -05,1035,13.90,87.20,,,,
2021-08-26 04:30:35 -05,1036,13.90,87.30,,,,
2021-08-26 04:30:52 -05,1037,13.80,87.20,,,,
2021-08-26 04:44:59 -05,1038,13.70,87.40,,,,
2021-08-26 04:45:17 -05,1039,13.60,87.00,,,,
2021-08-26 04:45:35 -05,1040,13.60,86.90,,,,
2021-08-26 04:45:52 -05,1041,13.60,87.10,,,,
2021-08-26 04:59:59 -05,1042,13.50,87.90,,,,
2021-08-26 05:00:17 -05,1043,13.50,87.90,,,,
2021-08-26 05:00:35 -05,1044,13.50,87.80,,,,
2021-08-26 05:00:52 -05,1045,13.40,87.80,,,,
2021-08-26 05:14:59 -05,1046,13.60,88.40,,,,
2021-08-26 05:15:17 -05,1047,13.60,88.40,,,,
2021-08-26 05:15:35 -05,1048,13.60,88.50,,,,
2021-08-26 05:15:52 -05,1049,13.60,88.80,,,,
2021-08-26 05:29:59 -05,1050,13.60,88.30,,,,
2021-08-26 05:30:17 -05,1051,13.60,88.50,,,,
2021-08-26 05:30:35 -05,1052,13.60,88.40,,,,
2021-08-26 05:30:52 -05,1053,13.60,88.70,,,,
2021-08-26 05:44:59 -05,1054,13.90,87.50,,,,
2021-08-26 05:45:17 -05,1055,13.80,87.60,,,,
2021-08-26 05:45:35 -05,1056,13.80,87.60,,,,
2021-08-26 05:45:52 -05,1057,13.90,87.60,,,,
2021-08-26 05:59:59 -05,1058,13.90,85.80,,,,
2021-08-26 06:00:17 -05,1059,14.00,86.00,,,,
2021-08-26 06:00:35 -05,1060,14.00,86.20,,,,
2021-08-26 06:00:52 -05,1061,13.90,86.20,,,,
2021-08-26 06:14:59 -05,1062,13.90,87.70,,,,
2021-08-26 06:15:17 -05,1063,13.90,87.90,,,,
2021-08-26 06:15:35 -05,1064,13.90,87.80,,,,
2021-08-26 06:15:52 -05,1065,13.90,87.60,,,,
2021-08-26 06:29:59 -05,1066,14.00,90.10,,,,
2021-08-26 06:30:21 -05,1067,14.00,90.10,,,,
2021-08-26 06:30:39 -05,1068,14.00,90.30,,,,
2021-08-26 06:30:58 -05,1069,14.00,90.30,,,,
2021-08-26 06:44:59 -05,1070,14.20,87.60,,,,
2021-08-26 06:45:17 -05,1071,14.20,87.70,,,,
2021-08-26 06:45:32 -05,1072,14.20,87.70,,,,
2021-08-26 06:45:50 -05,1073,14.20,87.80,,,,
2021-08-26 06:59:59 -05,1074,14.40,85.90,,,,
2021-08-26 07:00:17 -05,1075,14.40,85.30,,,,
2021-08-26 07:00:32 -05,1076,14.40,85.50,,,,
2021-08-26 07:00:50 -05,1077,14.40,85.30,,,,
2021-08-26 07:14:59 -05,1078,14.60,84.90,,,,
2021-08-26 07:15:14 -05,1079,14.60,84.90,,,,
2021-08-26 07:15:32 -05,1080,14.60,84.90,,,,
2021-08-26 07:15:50 -05,1081,14.60,85.00,,,,
2021-08-26 07:29:59 -05,1082,14.80,84.20,,,,
2021-08-26 07:30:17 -05,1083,14.80,84.20,,,,
2021-08-26 07:30:35 -05,1084,14.80,84.10,,,,
2021-08-26 07:30:52 -05,1085,14.80,84.20,,,,
2021-08-26 07:44:59 -05,1086,15.20,80.40,,,,
2021-08-26 07:45:17 -05,1087,15.20,80.10,,,,
2021-08-26 07:45:35 -05,1088,15.20,80.30,,,,
2021-08-26 07:45:52 -05,1089,15.20,80.30,,,,
2021-08-26 08:00:04 -05,1090,16.60,75.00,,,,
2021-08-26 08:00:22 -05,1091,16.70,74.70,,,,
2021-08-26 08:00:37 -05,1092,16.80,74.60,,,,
2021-08-26 08:00:56 -05,1093,16.80,74.20,,,,
2021-08-26 08:14:59 -05,1094,17.80,66.90,,,,
2021-08-26 08:15:15 -05,1095,17.80,67.10,,,,
2021-08-26 08:15:33 -05,1096,17.80,67.00,,,,
2021-08-26 08:15:48 -05,1097,17.80,67.00,,,,
2021-08-26 08:29:59 -05,1098,17.20,71.10,,,,
2021-08-26 08:30:17 -05,1099,17.20,71.20,,,,
2021-08-26 08:30:32 -05,1100,17.20,71.50,,,,
2021-08-26 08:30:51 -05,1101,17.20,71.60,,,,
2021-08-26 08:44:59 -05,1102,16.50,75.00,,,,
2021-08-26 08:45:17 -05,1103,16.40,74.80,,,,
2021-08-26 08:45:35 -05,1104,16.40,74.90,,,,
2021-08-26 08:45:52 -05,1105,16.40,74.90,,,,
2021-08-26 08:59:59 -05,1106,16.20,76.30,,,,
2021-08-26 09:00:17 -05,1107,16.20,76.30,,,,
2021-08-26 09:00:35 -05,1108,16.10,76.30,,,,
2021-08-26 09:00:52 -05,1109,16.10,76.30,,,,
2021-08-26 09:14:59 -05,1110,15.90,77.20,,,,
2021-08-26 09:15:17 -05,1111,15.90,77.20,,,,
2021-08-26 09:15:35 -05,1112,15.90,77.30,,,,
2021-08-26 09:15:52 -05,1113,15.90,77.30,,,,
2021-08-26 09:29:59 -05,1114,16.30,74.60,,,,
2021-08-26 09:30:18 -05,1115,16.30,74.70,,,,
2021-08-26 09:30:33 -05,1116,16.30,74.70,,,,
2021-08-26 09:30:51 -05,1117,16.30,74.70,,,,
2021-08-26 09:44:59 -05,1118,17.00,71.20,,,,
2021-08-26 09:45:17 -05,1119,16.90,71.10,,,,
2021-08-26 09:45:32 -05,1120,17.00,71.20,,,,
2021-08-26 09:45:51 -05,1121,17.00,71.40,,,,
2021-08-26 09:59:59 -05,1122,17.30,69.00,,,,
2021-08-26 10:00:17 -05,1123,17.20,69.00,,,,
2021-08-26 10:00:38 -05,1124,17.30,69.20,,,,
2021-08-26 10:00:56 -05,1125,17.30,69.20,,,,
2021-08-26 10:14:59 -05,1126,17.80,67.90,,,,
2021-08-26 10:15:17 -05,1127,17.80,67.50,,,,
2021-08-26 10:15:35 -05,1128,17.80,67.60,,,,
2021-08-26 10:15:53 -05,1129,17.80,67.70,,,,
2021-08-26 10:29:59 -05,1130,19.50,62.50,,,,
2021-08-26 10:30:14 -05,1131,19.50,62.70,,,,
2021-08-26 10:30:36 -05,1132,19.50,63.00,,,,
2021-08-26 10:30:55 -05,1133,19.60,62.90,,,,
2021-08-26 10:44:59 -05,1134,19.60,62.80,,,,
2021-08-26 10:45:14 -05,1135,19.70,62.70,,,,
2021-08-26 10:45:32 -05,1136,19.70,62.80,,,,
2021-08-26 10:45:50 -05,1137,19.80,62.80,,,,
2021-08-26 10:59:59 -05,1138,21.00,60.30,,,,
2021-08-26 11:00:17 -05,1139,21.00,60.20,,,,
2021-08-26 11:00:35 -05,1140,21.00,60.10,,,,
2021-08-26 11:00:52 -05,1141,21.00,60.00,,,,
2021-08-26 11:14:59 -05,1142,21.70,57.60,,,,
2021-08-26 11:15:21 -05,1143,21.70,57.60,,,,
2021-08-26 11:15:37 -05,1144,21.70,57.70,,,,
2021-08-26 11:15:52 -05,1145,21.70,57.50,,,,
2021-08-26 11:29:59 -05,1146,21.60,57.70,,,,
2021-08-26 11:30:17 -05,1147,21.60,57.30,,,,
2021-08-26 11:30:35 -05,1148,21.60,57.30,,,,
2021-08-26 11:30:52 -05,1149,21.70,57.20,,,,
2021-08-26 11:44:59 -05,1150,21.90,56.50,,,,
2021-08-26 11:45:17 -05,1151,21.90,56.70,,,,
2021-08-26 11:45:35 -05,1152,21.90,56.70,,,,
2021-08-26 11:45:52 -05,1153,21.90,56.60,,,,
2021-08-26 11:59:59 -05,1154,20.80,59.90,,,,
2021-08-26 12:00:17 -05,1155,20.80,60.00,,,,
2021-08-26 12:00:35 -05,1156,20.80,60.00,,,,
2021-08-26 12:00:52 -05,1157,20.80,59.90,,,,
2021-08-26 12:14:59 -05,1158,21.50,58.00,,,,
2021-08-26 12:15:17 -05,1159,21.50,58.00,,,,
2021-08-26 12:15:35 -05,1160,21.50,58.00,,,,
2021-08-26 12:15:52 -05,1161,21.40,58.00,,,,
2021-08-26 12:29:59 -05,1162,21.20,58.00,,,,
2021-08-26 12:30:17 -05,1163,21.20,57.90,,,,
2021-08-26 12:30:35 -05,1164,21.10,58.10,,,,
2021-08-26 12:30:52 -05,1165,21.10,58.30,,,,
2021-08-26 12:44:59 -05,1166,20.80,57.90,,,,
2021-08-26 12:45:14 -05,1167,20.80,57.90,,,,
2021-08-26 12:45:30 -05,1168,20.80,58.10,,,,
2021-08-26 12:45:47 -05,1169,20.80,58.20,,,,
2021-08-26 12:59:59 -05,1170,20.80,59.20,,,,
2021-08-26 13:00:21 -05,1171,20.80,58.90,,,,
2021-08-26 13:00:44 -05,1172,20.80,59.00,,,,
2021-08-26 13:00:59 -05,1173,20.80,59.10,,,,
2021-08-26 13:14:59 -05,1174,21.30,57.20,,,,
2021-08-26 13:15:17 -05,1175,21.30,57.10,,,,
2021-08-26 13:15:32 -05,1176,21.30,57.40,,,,
2021-08-26 13:15:50 -05,1177,21.30,57.30,,,,
2021-08-26 13:29:59 -05,1178,21.70,55.30,,,,
2021-08-26 13:30:18 -05,1179,21.60,55.20,,,,
2021-08-26 13:30:36 -05,1180,21.60,55.00,,,,
2021-08-26 13:30:53 -05,1181,21.60,54.70,,,,
2021-08-26 13:44:59 -05,1182,21.90,54.70,,,,
2021-08-26 13:45:25 -05,1183,21.90,54.40,,,,
2021-08-26 13:45:47 -05,1184,21.90,54.60,,,,
2021-08-26 13:59:59 -05,1185,22.10,53.80,,,,
2021-08-26 14:00:14 -05,1186,22.20,54.00,,,,
2021-08-26 14:00:32 -05,1187,22.20,53.80,,,,
2021-08-26 14:00:50 -05,1188,22.30,53.80,,,,
2021-08-26 14:14:59 -05,1189,23.40,50.60,,,,
2021-08-26 14:15:22 -05,1190,23.40,50.80,,,,
2021-08-26 14:15:39 -05,1191,23.50,50.70,,,,
2021-08-26 14:15:57 -05,1192,23.40,50.50,,,,
2021-08-26 14:29:59 -05,1193,23.80,48.70,,,,
2021-08-26 14:30:14 -05,1194,23.80,48.50,,,,
2021-08-26 14:30:30 -05,1195,23.70,47.90,,,,
2021-08-26 14:30:47 -05,1196,23.60,48.00,,,,
2021-08-26 14:44:59 -05,1197,23.70,48.20,,,,
2021-08-26 14:45:20 -05,1198,23.60,48.10,,,,
2021-08-26 14:45:38 -05,1199,23.60,48.40,,,,
2021-08-26 14:45:56 -05,1200,23.60,48.70,,,,
2021-08-26 14:59:59 -05,1201,23.90,48.10,,,,
2021-08-26 15:00:17 -05,1202,23.90,47.90,,,,
2021-08-26 15:00:35 -05,1203,23.80,47.80,,,,
2021-08-26 15:00:52 -05,1204,23.80,48.00,,,,
2021-08-26 15:14:59 -05,1205,23.80,46.20,,,,
2021-08-26 15:15:17 -05,1206,23.80,46.30,,,,
2021-08-26 15:15:35 -05,1207,23.80,46.10,,,,
2021-08-26 15:15:52 -05,1208,23.80,45.90,,,,
2021-08-26 15:29:59 -05,1209,23.80,45.20,,,,
2021-08-26 15:30:17 -05,1210,23.80,45.40,,,,
2021-08-26 15:30:39 -05,1211,23.80,45.50,,,,
2021-08-26 15:30:57 -05,1212,23.80,45.60,,,,
2021-08-26 15:44:59 -05,1213,23.80,45.20,,,,
2021-08-26 15:45:17 -05,1214,23.70,45.20,,,,
2021-08-26 15:45:35 -05,1215,23.70,45.10,,,,
2021-08-26 15:45:52 -05,1216,23.70,45.60,,,,
2021-08-26 15:59:59 -05,1217,23.20,48.50,,,,
2021-08-26 16:00:18 -05,1218,23.20,48.40,,,,
2021-08-26 16:00:36 -05,1219,23.20,48.40,,,,
2021-08-26 16:00:53 -05,1220,23.10,48.20,,,,
2021-08-26 16:14:59 -05,1221,22.50,50.40,,,,
2021-08-26 16:15:17 -05,1222,22.40,50.20,,,,
2021-08-26 16:15:35 -05,1223,22.40,50.10,,,,
2021-08-26 16:15:52 -05,1224,22.40,50.30,,,,
2021-08-26 16:29:59 -05,1225,21.80,51.20,,,,
2021-08-26 16:30:17 -05,1226,21.70,51.10,,,,
2021-08-26 16:30:35 -05,1227,21.70,51.30,,,,
2021-08-26 16:30:53 -05,1228,21.70,51.40,,,,
2021-08-26 16:44:59 -05,1229,21.70,52.10,,,,
2021-08-26 16:45:17 -05,1230,21.70,52.00,,,,
2021-08-26 16:45:35 -05,1231,21.70,52.10,,,,
2021-08-26 16:45:52 -05,1232,21.60,51.80,,,,
2021-08-26 16:59:59 -05,1233,21.40,51.90,,,,
2021-08-26 17:00:17 -05,1234,21.40,51.80,,,,
2021-08-26 17:00:38 -05,1235,21.40,51.80,,,,
2021-08-26 17:00:56 -05,1236,21.40,51.80,,,,
2021-08-26 17:14:59 -05,1237,21.10,52.90,,,,
2021-08-26 17:15:17 -05,1238,21.00,52.90,,,,
2021-08-26 17:15:35 -05,1239,21.00,52.90,,,,
2021-08-26 17:15:52 -05,1240,21.00,52.80,,,,
2021-08-26 17:29:59 -05,1241,20.70,54.30,,,,
2021-08-26 17:30:17 -05,1242,20.70,54.60,,,,
2021-08-26 17:30:35 -05,1243,20.70,54.40,,,,
2021-08-26 17:30:53 -05,1244,20.70,54.40,,,,
2021-08-26 17:44:59 -05,1245,20.30,55.20,,,,
2021-08-26 17:45:17 -05,1246,20.30,55.50,,,,
2021-08-26 17:45:35 -05,1247,20.30,55.50,,,,
2021-08-26 17:45:52 -05,1248,20.30,55.60,,,,
2021-08-26 17:59:59 -05,1249,20.10,56.40,,,,
2021-08-26 18:00:17 -05,1250,20.10,56.50,,,,
2021-08-26 18:00:35 -05,1251,20.10,56.40,,,,
2021-08-26 18:00:52 -05,1252,20.10,56.80,,,,
2021-08-26 18:14:59 -05,1253,19.80,57.00,,,,
2021-08-26 18:15:17 -05,1254,19.80,57.10,,,,
2021-08-26 18:15:35 -05,1255,19.80,57.10,,,,
2021-08-26 18:15:57 -05,1256,19.70,57.10,,,,
2021-08-26 18:29:59 -05,1257,19.50,58.00,,,,
2021-08-26 18:30:20 -05,1258,19.50,58.10,,,,
2021-08-26 18:30:38 -05,1259,19.50,58.30,,,,
2021-08-26 18:44:59 -05,1260,19.30,58.80,,,,
2021-08-26 18:45:14 -05,1261,19.20,58.90,,,,
2021-08-26 18:45:32 -05,1262,19.20,58.90,,,,
2021-08-26 18:45:47 -05,1263,19.20,59.00,,,,
2021-08-26 18:59:59 -05,1264,18.90,59.70,,,,
2021-08-26 19:00:17 -05,1265,19.00,59.80,,,,
2021-08-26 19:00:35 -05,1266,18.90,59.70,,,,
2021-08-26 19:00:52 -05,1267,18.90,59.70,,,,
2021-08-26 19:14:59 -05,1268,18.70,60.50,,,,
2021-08-26 19:15:22 -05,1269,18.70,60.50,,,,
2021-08-26 19:15:37 -05,1270,18.70,60.70,,,,
2021-08-26 19:15:56 -05,1271,18.70,60.70,,,,
2021-08-26 19:29:59 -05,1272,18.40,61.60,,,,
2021-08-26 19:30:35 -05,1273,18.40,61.70,,,,
2021-08-26 19:30:52 -05,1274,18.40,61.80,,,,
2021-08-26 19:44:59 -05,1275,18.50,62.10,,,,
2021-08-26 19:45:17 -05,1276,18.50,61.90,,,,
2021-08-26 19:45:35 -05,1277,18.40,62.00,,,,
2021-08-26 19:45:50 -05,1278,18.50,62.10,,,,
2021-08-26 19:59:59 -05,1279,18.40,62.60,,,,
2021-08-26 20:00:17 -05,1280,18.40,62.70,,,,
2021-08-26 20:00:35 -05,1281,18.40,62.80,,,,
2021-08-26 20:00:52 -05,1282,18.40,62.90,,,,
2021-08-26 20:14:59 -05,1283,18.20,63.30,,,,
2021-08-26 20:15:17 -05,1284,18.20,63.00,,,,
2021-08-26 20:15:35 -05,1285,18.20,63.00,,,,
2021-08-26 20:15:50 -05,1286,18.20,63.10,,,,
2021-08-26 20:29:59 -05,1287,18.20,63.30,,,,
2021-08-26 20:30:14 -05,1288,18.20,63.30,,,,
2021-08-26 20:30:32 -05,1289,18.20,63.40,,,,
2021-08-26 20:30:47 -05,1290,18.20,63.40,,,,
2021-08-26 20:44:59 -05,1291,18.10,63.70,,,,
2021-08-26 20:45:14 -05,1292,18.10,63.70,,,,
2021-08-26 20:45:34 -05,1293,18.10,63.90,,,,
2021-08-26 20:45:52 -05,1294,18.10,64.00,,,,
2021-08-26 20:59:59 -05,1295,18.00,64.40,,,,
2021-08-26 21:00:18 -05,1296,18.00,64.40,,,,
2021-08-26 21:00:36 -05,1297,18.00,64.40,,,,
2021-08-26 21:00:53 -05,1298,18.00,64.40,,,,
2021-08-26 21:14:59 -05,1299,17.90,64.90,,,,
2021-08-26 21:15:17 -05,1300,17.90,64.80,,,,
2021-08-26 21:15:35 -05,1301,17.90,64.80,,,,
2021-08-26 21:15:52 -05,1302,17.90,64.80,,,,
2021-08-26 21:29:59 -05,1303,17.80,65.40,,,,
2021-08-26 21:30:18 -05,1304,17.80,65.60,,,,
2021-08-26 21:30:33 -05,1305,17.80,65.60,,,,
2021-08-26 21:30:52 -05,1306,17.80,65.70,,,,
2021-08-26 21:44:59 -05,1307,17.70,65.60,,,,
2021-08-26 21:45:17 -05,1308,17.70,65.70,,,,
2021-08-26 21:45:43 -05,1309,17.70,65.60,,,,
2021-08-26 21:45:59 -05,1310,17.70,65.60,,,,
2021-08-26 21:59:59 -05,1311,17.60,65.30,,,,
2021-08-26 22:00:17 -05,1312,17.70,65.30,,,,
2021-08-26 22:00:35 -05,1313,17.60,65.50,,,,
2021-08-26 22:00:57 -05,1314,17.60,65.30,,,,
2021-08-26 22:14:59 -05,1315,17.40,66.30,,,,
2021-08-26 22:15:25 -05,1316,17.40,66.50,,,,
2021-08-26 22:15:44 -05,1317,17.40,66.60,,,,
2021-08-26 22:29:59 -05,1318,17.20,70.70,,,,
2021-08-26 22:30:17 -05,1319,17.10,70.70,,,,
2021-08-26 22:30:35 -05,1320,17.10,70.90,,,,
2021-08-26 22:30:52 -05,1321,17.10,70.90,,,,
2021-08-26 22:44:59 -05,1322,17.10,71.70,,,,
2021-08-26 22:45:17 -05,1323,17.00,71.70,,,,
2021-08-26 22:45:35 -05,1324,17.00,72.00,,,,
2021-08-26 22:45:52 -05,1325,17.00,72.20,,,,
2021-08-26 22:59:59 -05,1326,16.80,74.20,,,,
2021-08-26 23:00:17 -05,1327,16.80,74.30,,,,
2021-08-26 23:00:35 -05,1328,16.80,74.40,,,,
2021-08-26 23:00:52 -05,1329,16.80,74.40,,,,
2021-08-26 23:14:59 -05,1330,16.90,71.20,,,,
2021-08-26 23:15:17 -05,1331,16.90,71.30,,,,
2021-08-26 23:15:35 -05,1332,16.90,71.20,,,,
2021-08-26 23:15:52 -05,1333,16.90,71.30,,,,
2021-08-26 23:29:59 -05,1334,17.00,70.60,,,,
2021-08-26 23:30:17 -05,1335,17.00,70.60,,,,
2021-08-26 23:30:35 -05,1336,17.00,70.50,,,,
2021-08-26 23:30:50 -05,1337,17.00,70.40,,,,
2021-08-26 23:44:59 -05,1338,17.00,69.70,,,,
2021-08-26 23:45:17 -05,1339,16.90,69.50,,,,
2021-08-26 23:45:32 -05,1340,17.00,69.60,,,,
2021-08-26 23:45:51 -05,1341,17.00,69.60,,,,
2021-08-26 23:59:59 -05,1342,16.90,69.60,,,,
2021-08-27 00:00:17 -05,1343,16.90,69.80,,,,
2021-08-27 00:00:32 -05,1344,16.90,69.70,,,,
2021-08-27 00:00:50 -05,1345,16.90,69.70,,,,
2021-08-27 00:14:59 -05,1346,16.80,70.50,,,,
2021-08-27 00:15:17 -05,1347,16.80,70.50,,,,
2021-08-27 00:15:35 -05,1348,16.80,70.40,,,,
2021-08-27 00:15:52 -05,1349,16.90,70.50,,,,
2021-08-27 00:29:59 -05,1350,16.80,70.70,,,,
2021-08-27 00:30:17 -05,1351,16.80,70.80,,,,
2021-08-27 00:30:35 -05,1352,16.80,70.90,,,,
2021-08-27 00:30:57 -05,1353,16.70,70.90,,,,
2021-08-27 00:44:59 -05,1354,16.70,71.30,,,,
2021-08-27 00:45:17 -05,1355,16.70,71.40,,,,
2021-08-27 00:45:35 -05,1356,16.70,71.30,,,,
2021-08-27 00:45:50 -05,1357,16.70,71.30,,,,
2021-08-27 00:59:59 -05,1358,16.70,71.50,,,,
2021-08-27 01:00:17 -05,1359,16.60,71.50,,,,
2021-08-27 01:00:35 -05,1360,16.60,71.60,,,,
2021-08-27 01:00:52 -05,1361,16.60,71.70,,,,
2021-08-27 01:14:59 -05,1362,16.60,72.80,,,,
2021-08-27 01:15:17 -05,1363,16.60,72.70,,,,
2021-08-27 01:15:35 -05,1364,16.60,72.80,,,,
2021-08-27 01:15:52 -05,1365,16.50,72.70,,,,
2021-08-27 01:29:59 -05,1366,16.40,75.50,,,,
2021-08-27 01:30:17 -05,1367,16.50,75.60,,,,
2021-08-27 01:30:39 -05,1368,16.50,75.60,,,,
2021-08-27 01:30:57 -05,1369,16.40,75.70,,,,
2021-08-27 01:44:59 -05,1370,16.30,76.60,,,,
2021-08-27 01:45:14 -05,1371,16.30,76.70,,,,
2021-08-27 01:45:32 -05,1372,16.30,76.80,,,,
2021-08-27 01:45:50 -05,1373,16.30,76.70,,,,
2021-08-27 01:59:59 -05,1374,16.20,78.90,,,,
2021-08-27 02:00:17 -05,1375,16.20,79.00,,,,
2021-08-27 02:00:35 -05,1376,16.20,79.60,,,,
2021-08-27 02:00:52 -05,1377,16.20,79.70,,,,
2021-08-27 02:14:59 -05,1378,16.10,81.70,,,,
2021-08-27 02:15:17 -05,1379,16.00,81.50,,,,
2021-08-27 02:15:35 -05,1380,16.00,81.70,,,,
2021-08-27 02:15:52 -05,1381,16.00,81.70,,,,
2021-08-27 02:29:59 -05,1382,16.00,84.20,,,,
2021-08-27 02:30:17 -05,1383,16.00,83.20,,,,
2021-08-27 02:30:35 -05,1384,16.00,84.10,,,,
2021-08-27 02:30:52 -05,1385,16.00,84.10,,,,
2021-08-27 02:44:59 -05,1386,15.70,86.40,,,,
2021-08-27 02:45:17 -05,1387,15.70,87.00,,,,
2021-08-27 02:45:35 -05,1388,15.70,86.90,,,,
2021-08-27 02:45:52 -05,1389,15.70,86.70,,,,
2021-08-27 02:59:59 -05,1390,15.50,88.20,,,,
2021-08-27 03:00:17 -05,1391,15.40,88.60,,,,
2021-08-27 03:00:35 -05,1392,15.40,87.70,,,,
2021-08-27 03:00:50 -05,1393,15.40,88.20,,,,
2021-08-27 03:14:59 -05,1394,15.40,87.10,,,,
2021-08-27 03:15:17 -05,1395,15.50,87.30,,,,
2021-08-27 03:15:35 -05,1396,15.50,87.00,,,,
2021-08-27 03:15:52 -05,1397,15.40,86.80,,,,
2021-08-27 03:29:59 -05,1398,15.10,91.10,,,,
2021-08-27 03:30:17 -05,1399,15.10,91.10,,,,
2021-08-27 03:30:35 -05,1400,15.10,91.10,,,,
2021-08-27 03:30:52 -05,1401,15.10,91.20,,,,
2021-08-27 03:44:59 -05,1402,15.00,92.70,,,,
2021-08-27 03:45:17 -05,1403,15.00,92.60,,,,
2021-08-27 03:45:35 -05,1404,15.00,92.50,,,,
2021-08-27 03:45:52 -05,1405,15.00,92.60,,,,
2021-08-27 03:59:59 -05,1406,14.80,92.40,,,,
2021-08-27 04:00:17 -05,1407,14.90,92.60,,,,
2021-08-27 04:00:35 -05,1408,14.90,92.50,,,,
2021-08-27 04:00:52 -05,1409,14.80,92.50,,,,
2021-08-27 04:14:59 -05,1410,14.70,91.70,,,,
2021-08-27 04:15:17 -05,1411,14.70,91.90,,,,
2021-08-27 04:15:32 -05,1412,14.70,91.80,,,,
2021-08-27 04:15:50 -05,1413,14.70,91.70,,,,
2021-08-27 04:29:59 -05,1414,14.50,90.70,,,,
2021-08-27 04:30:17 -05,1415,14.50,90.70,,,,
2021-08-27 04:30:32 -05,1416,14.50,90.90,,,,
2021-08-27 04:30:50 -05,1417,14.50,90.60,,,,
2021-08-27 04:44:59 -05,1418,14.40,90.10,,,,
2021-08-27 04:45:17 -05,1419,14.40,90.40,,,,
2021-08-27 04:45:35 -05,1420,14.40,90.50,,,,
2021-08-27 04:45:52 -05,1421,14.40,90.50,,,,
2021-08-27 04:59:59 -05,1422,14.30,91.00,,,,
2021-08-27 05:00:17 -05,1423,14.30,91.20,,,,
2021-08-27 05:00:35 -05,1424,14.30,91.30,,,,
2021-08-27 05:00:52 -05,1425,14.30,91.20,,,,
2021-08-27 05:14:59 -05,1426,14.20,89.00,,,,
2021-08-27 05:15:21 -05,1427,14.20,89.20,,,,
2021-08-27 05:15:39 -05,1428,14.20,89.10,,,,
2021-08-27 05:15:58 -05,1429,14.20,89.20,,,,
2021-08-27 05:29:59 -05,1430,14.00,90.20,,,,
2021-08-27 05:30:17 -05,1431,14.00,90.20,,,,
2021-08-27 05:30:32 -05,1432,14.00,90.20,,,,
2021-08-27 05:30:50 -05,1433,14.00,90.30,,,,
2021-08-27 05:44:59 -05,1434,13.90,89.70,,,,
2021-08-27 05:45:14 -05,1435,13.90,89.60,,,,
2021-08-27 05:45:32 -05,1436,13.90,89.00,,,,
2021-08-27 05:45:50 -05,1437,13.90,89.00,,,,
2021-08-27 05:59:59 -05,1438,13.50,88.70,,,,
2021-08-27 06:00:17 -05,1439,13.50,88.20,,,,
2021-08-27 06:00:35 -05,1440,13.50,88.40,,,,
2021-08-27 06:00:53 -05,1441,13.50,88.30,,,,
2021-08-27 06:14:59 -05,1442,13.40,86.80,,,,
2021-08-27 06:15:17 -05,1443,13.30,87.20,,,,
2021-08-27 06:15:35 -05,1444,13.30,87.20,,,,
2021-08-27 06:15:52 -05,1445,13.30,87.10,,,,
2021-08-27 06:29:59 -05,1446,13.30,86.70,,,,
2021-08-27 06:30:17 -05,1447,13.30,87.00,,,,
2021-08-27 06:30:35 -05,1448,13.30,87.00,,,,
2021-08-27 06:30:52 -05,1449,13.30,87.10,,,,
2021-08-27 06:44:59 -05,1450,13.70,85.00,,,,
2021-08-27 06:45:17 -05,1451,13.70,85.10,,,,
2021-08-27 06:45:39 -05,1452,13.70,84.70,,,,
2021-08-27 06:45:57 -05,1453,13.70,84.70,,,,
2021-08-27 06:59:59 -05,1454,13.70,84.50,,,,
2021-08-27 07:00:17 -05,1455,13.70,84.80,,,,
2021-08-27 07:00:32 -05,1456,13.70,84.80,,,,
2021-08-27 07:00:47 -05,1457,13.70,84.60,,,,
2021-08-27 07:14:59 -05,1458,14.00,86.00,,,,
2021-08-27 07:15:17 -05,1459,14.00,86.70,,,,
2021-08-27 07:15:32 -05,1460,14.00,86.80,,,,
2021-08-27 07:15:50 -05,1461,14.00,86.80,,,,
2021-08-27 07:29:59 -05,1462,14.70,89.60,,,,
2021-08-27 07:30:17 -05,1463,14.80,89.80,,,,
2021-08-27 07:30:32 -05,1464,14.70,89.20,,,,
2021-08-27 07:30:47 -05,1465,14.70,89.40,,,,
2021-08-27 07:44:59 -05,1466,15.00,88.50,,,,
2021-08-27 07:45:17 -05,1467,15.00,89.10,,,,
2021-08-27 07:45:35 -05,1468,15.00,88.70,,,,
2021-08-27 07:45:52 -05,1469,15.00,87.40,,,,
2021-08-27 07:59:59 -05,1470,15.30,85.60,,,,
2021-08-27 08:00:17 -05,1471,15.30,85.50,,,,
2021-08-27 08:00:32 -05,1472,15.30,85.00,,,,
2021-08-27 08:00:50 -05,1473,15.30,84.90,,,,
2021-08-27 08:14:59 -05,1474,16.20,80.20,,,,
2021-08-27 08:15:17 -05,1475,16.20,80.40,,,,
2021-08-27 08:15:35 -05,1476,16.20,80.80,,,,
2021-08-27 08:15:52 -05,1477,16.20,80.40,,,,
2021-08-27 08:29:59 -05,1478,16.10,80.30,,,,
2021-08-27 08:30:17 -05,1479,16.10,81.10,,,,
2021-08-27 08:30:35 -05,1480,16.10,80.50,,,,
2021-08-27 08:30:52 -05,1481,16.20,80.80,,,,
2021-08-27 08:44:59 -05,1482,16.70,78.60,,,,
2021-08-27 08:45:17 -05,1483,16.70,78.40,,,,
2021-08-27 08:45:35 -05,1484,16.70,78.70,,,,
2021-08-27 08:45:52 -05,1485,16.60,78.40,,,,
2021-08-27 08:59:59 -05,1486,17.00,69.50,,,,
2021-08-27 09:00:14 -05,1487,17.00,69.70,,,,
2021-08-27 09:00:32 -05,1488,17.00,69.30,,,,
2021-08-27 09:00:47 -05,1489,17.00,69.90,,,,
2021-08-27 09:14:59 -05,1490,18.50,66.30,,,,
2021-08-27 09:15:17 -05,1491,18.50,66.00,,,,
2021-08-27 09:15:35 -05,1492,18.50,65.00,,,,
2021-08-27 09:15:53 -05,1493,18.50,65.40,,,,
2021-08-27 09:29:59 -05,1494,18.70,64.00,,,,
2021-08-27 09:30:17 -05,1495,18.70,63.90,,,,
2021-08-27 09:30:32 -05,1496,18.70,64.10,,,,
2021-08-27 09:30:50 -05,1497,18.70,64.20,,,,
2021-08-27 09:44:59 -05,1498,18.70,61.50,,,,
2021-08-27 09:45:17 -05,1499,18.70,61.90,,,,
2021-08-27 09:45:35 -05,1500,18.70,62.20,,,,
2021-08-27 09:45:52 -05,1501,18.70,62.40,,,,
2021-08-27 09:59:59 -05,1502,19.00,60.30,,,,
2021-08-27 10:00:17 -05,1503,19.00,60.50,,,,
2021-08-27 10:00:35 -05,1504,18.90,60.40,,,,
2021-08-27 10:00:52 -05,1505,18.90,60.70,,,,
2021-08-27 10:14:59 -05,1506,19.30,59.50,,,,
2021-08-27 10:15:17 -05,1507,19.30,59.70,,,,
2021-08-27 10:15:35 -05,1508,19.30,60.00,,,,
2021-08-27 10:15:50 -05,1509,19.40,60.00,,,,
2021-08-27 10:29:59 -05,1510,19.80,59.30,,,,
2021-08-27 10:30:17 -05,1511,19.80,59.40,,,,
2021-08-27 10:30:32 -05,1512,19.80,59.40,,,,
2021-08-27 10:30:47 -05,1513,19.90,59.40,,,,
2021-08-27 10:44:59 -05,1514,19.90,59.00,,,,
2021-08-27 10:45:17 -05,1515,19.90,59.00,,,,
2021-08-27 10:45:36 -05,1516,19.90,59.00,,,,
2021-08-27 10:45:53 -05,1517,19.90,59.40,,,,
2021-08-27 10:59:59 -05,1518,20.10,58.40,,,,
2021-08-27 11:00:14 -05,1519,20.10,58.40,,,,
2021-08-27 11:00:30 -05,1520,20.10,57.80,,,,
2021-08-27 11:00:59 -05,1521,20.10,57.90,,,,
2021-08-27 11:14:59 -05,1522,20.00,58.90,,,,
2021-08-27 11:15:20 -05,1523,20.00,58.50,,,,
2021-08-27 11:15:43 -05,1524,20.00,58.70,,,,
2021-08-27 11:29:59 -05,1525,20.30,58.40,,,,
2021-08-27 11:30:17 -05,1526,20.30,58.30,,,,
2021-08-27 11:30:35 -05,1527,20.40,58.40,,,,
2021-08-27 11:30:53 -05,1528,20.40,58.20,,,,
2021-08-27 11:44:59 -05,1529,20.90,55.60,,,,
2021-08-27 11:45:14 -05,1530,20.90,55.20,,,,
2021-08-27 11:45:32 -05,1531,20.90,55.40,,,,
2021-08-27 11:45:47 -05,1532,20.90,55.30,,,,
2021-08-27 12:00:00 -05,1533,20.30,57.00,,,,
2021-08-27 12:00:18 -05,1534,20.30,57.20,,,,
2021-08-27 12:00:37 -05,1535,20.30,57.80,,,,
2021-08-27 12:14:59 -05,1536,19.70,58.80,,,,
2021-08-27 12:15:17 -05,1537,19.60,59.20,,,,
2021-08-27 12:15:35 -05,1538,19.60,59.50,,,,
2021-08-27 12:15:52 -05,1539,19.60,59.60,,,,
2021-08-27 12:29:59 -05,1540,19.80,60.40,,,,
2021-08-27 12:30:46 -05,1541,19.90,60.20,,,,
2021-08-27 12:44:59 -05,1542,21.00,59.30,,,,
2021-08-27 12:45:14 -05,1543,21.00,59.60,,,,
2021-08-27 12:45:33 -05,1544,21.00,59.20,,,,
2021-08-27 12:45:51 -05,1545,21.00,59.80,,,,
2021-08-27 12:59:59 -05,1546,21.80,56.10,,,,
2021-08-27 13:00:17 -05,1547,21.90,55.90,,,,
2021-08-27 13:00:35 -05,1548,21.90,56.10,,,,
2021-08-27 13:00:52 -05,1549,21.90,55.90,,,,
2021-08-27 13:14:59 -05,1550,21.50,56.10,,,,
2021-08-27 13:15:14 -05,1551,21.50,56.10,,,,
2021-08-27 13:15:32 -05,1552,21.50,56.30,,,,
2021-08-27 13:15:50 -05,1553,21.40,56.00,,,,
2021-08-27 13:29:59 -05,1554,21.40,53.90,,,,
2021-08-27 13:30:17 -05,1555,21.50,54.20,,,,
2021-08-27 13:30:32 -05,1556,21.50,54.50,,,,
2021-08-27 13:30:50 -05,1557,21.50,54.70,,,,
2021-08-27 13:44:59 -05,1558,22.60,51.50,,,,
2021-08-27 13:45:14 -05,1559,22.60,51.30,,,,
2021-08-27 13:45:29 -05,1560,22.60,51.50,,,,
2021-08-27 13:45:45 -05,1561,22.50,51.60,,,,
2021-08-27 13:59:59 -05,1562,22.30,52.80,,,,
2021-08-27 14:00:17 -05,1563,22.40,52.90,,,,
2021-08-27 14:00:35 -05,1564,22.40,53.00,,,,
2021-08-27 14:00:52 -05,1565,22.50,53.20,,,,
2021-08-27 14:14:59 -05,1566,23.40,49.00,,,,
2021-08-27 14:15:17 -05,1567,23.40,49.20,,,,
2021-08-27 14:15:37 -05,1568,23.40,49.20,,,,
2021-08-27 14:15:54 -05,1569,23.50,49.50,,,,
2021-08-27 14:29:59 -05,1570,23.30,48.90,,,,
2021-08-27 14:30:17 -05,1571,23.30,48.70,,,,
2021-08-27 14:30:35 -05,1572,23.30,48.70,,,,
2021-08-27 14:30:52 -05,1573,23.20,48.70,,,,
2021-08-27 14:44:59 -05,1574,23.70,46.50,,,,
2021-08-27 14:45:17 -05,1575,23.70,46.60,,,,
2021-08-27 14:45:35 -05,1576,23.70,46.70,,,,
2021-08-27 14:45:52 -05,1577,23.70,46.80,,,,
2021-08-27 14:59:59 -05,1578,22.70,48.30,,,,
2021-08-27 15:00:17 -05,1579,22.70,48.20,,,,
2021-08-27 15:00:35 -05,1580,22.70,48.20,,,,
2021-08-27 15:00:52 -05,1581,22.70,48.10,,,,
2021-08-27 15:14:59 -05,1582,22.20,50.00,,,,
2021-08-27 15:15:17 -05,1583,22.20,49.60,,,,
2021-08-27 15:15:35 -05,1584,22.20,49.60,,,,
2021-08-27 15:15:52 -05,1585,22.10,49.00,,,,
2021-08-27 15:29:59 -05,1586,22.20,49.20,,,,
2021-08-27 15:30:17 -05,1587,22.20,49.20,,,,
2021-08-27 15:30:35 -05,1588,22.20,49.10,,,,
2021-08-27 15:30:52 -05,1589,22.20,49.40,,,,
2021-08-27 15:44:59 -05,1590,22.20,49.20,,,,
2021-08-27 15:45:17 -05,1591,22.20,49.50,,,,
2021-08-27 15:45:32 -05,1592,22.30,49.60,,,,
2021-08-27 15:45:50 -05,1593,22.30,49.50,,,,
2021-08-27 15:59:59 -05,1594,23.00,47.70,,,,
2021-08-27 16:00:21 -05,1595,23.10,47.60,,,,
2021-08-27 16:00:39 -05,1596,23.10,47.70,,,,
2021-08-27 16:00:58 -05,1597,23.10,47.50,,,,
2021-08-27 16:14:59 -05,1598,23.50,45.80,,,,
2021-08-27 16:15:18 -05,1599,23.50,46.00,,,,
2021-08-27 16:15:33 -05,1600,23.60,46.10,,,,
2021-08-27 16:15:51 -05,1601,23.60,46.30,,,,
